bar_end,symbol,qty,open,high,low,close
1/1/2019 19:00,CLG9,2915,4580,4595,4572,4589
1/1/2019 20:00,CLG9,3959,4588,4592,4575,4587
1/1/2019 21:00,CLG9,15809,4587,4600,4541,4549
1/1/2019 22:00,CLG9,13485,4548,4560,4518,4531
1/1/2019 23:00,CLG9,7411,4530,4536,4510,4514
1/2/2019 0:00,CLG9,11173,4513,4515,4486,4498
1/2/2019 1:00,CLG9,15930,4499,4508,4448,4474
1/2/2019 2:00,CLG9,11808,4475,4497,4470,4483
1/2/2019 3:00,CLG9,10636,4482,4498,4475,4492
1/2/2019 4:00,CLG9,33401,4492,4495,4441,4470
1/2/2019 5:00,CLG9,20517,4471,4507,4461,4502
1/2/2019 6:00,CLG9,17031,4503,4512,4481,4481
1/2/2019 7:00,CLG9,13797,4482,4507,4477,4502
1/2/2019 8:00,CLG9,22770,4502,4521,4484,4484
1/2/2019 9:00,CLG9,31747,4484,4491,4457,4467
1/2/2019 10:00,CLG9,65693,4467,4492,4435,4489
1/2/2019 11:00,CLG9,168615,4488,4698,4488,4675
1/2/2019 12:00,CLG9,126711,4676,4778,4664,4716
1/2/2019 13:00,CLG9,47321,4716,4755,4713,4734
1/2/2019 14:00,CLG9,53413,4734,4743,4646,4677
1/2/2019 15:00,CLG9,58882,4677,4677,4628,4652
1/2/2019 16:00,CLG9,7975,4651,4664,4644,4663
1/2/2019 17:00,CLG9,4922,4663,4664,4628,4633
1/2/2019 19:00,CLG9,6936,4626,4635,4577,4580
1/2/2019 20:00,CLG9,8155,4580,4610,4570,4572
1/2/2019 21:00,CLG9,17361,4572,4604,4539,4601
1/2/2019 22:00,CLG9,10800,4601,4618,4569,4573
1/2/2019 23:00,CLG9,7565,4572,4580,4559,4561
1/3/2019 0:00,CLG9,6343,4561,4582,4556,4566
1/3/2019 1:00,CLG9,9652,4567,4569,4542,4565
1/3/2019 2:00,CLG9,7174,4565,4570,4550,4563
1/3/2019 3:00,CLG9,8361,4563,4575,4555,4558
1/3/2019 4:00,CLG9,29253,4559,4590,4535,4576
1/3/2019 5:00,CLG9,29765,4576,4624,4572,4600
1/3/2019 6:00,CLG9,22216,4600,4636,4589,4620
1/3/2019 7:00,CLG9,23597,4621,4656,4612,4644
1/3/2019 8:00,CLG9,26548,4643,4683,4642,4679
1/3/2019 9:00,CLG9,57979,4680,4745,4663,4722
1/3/2019 10:00,CLG9,79255,4723,4749,4672,4683
1/3/2019 11:00,CLG9,102592,4683,4683,4572,4599
1/3/2019 12:00,CLG9,99049,4599,4687,4597,4652
1/3/2019 13:00,CLG9,45646,4652,4695,4651,4678
1/3/2019 14:00,CLG9,39156,4677,4692,4643,4665
1/3/2019 15:00,CLG9,44559,4665,4726,4652,4699
1/3/2019 16:00,CLG9,12394,4698,4721,4689,4712
1/3/2019 17:00,CLG9,7172,4713,4725,4666,4683
1/3/2019 19:00,CLG9,3394,4690,4700,4682,4691
1/3/2019 20:00,CLG9,7717,4690,4709,4665,4691
1/3/2019 21:00,CLG9,10258,4691,4696,4667,4687
1/3/2019 22:00,CLG9,9731,4687,4712,4687,4706
1/3/2019 23:00,CLG9,6543,4707,4724,4699,4718
1/4/2019 0:00,CLG9,8802,4719,4738,4717,4729
1/4/2019 1:00,CLG9,14620,4729,4761,4716,4734
1/4/2019 2:00,CLG9,19424,4734,4788,4731,4756
1/4/2019 3:00,CLG9,13624,4756,4784,4755,4781
1/4/2019 4:00,CLG9,44467,4780,4822,4773,4794
1/4/2019 5:00,CLG9,24373,4794,4815,4778,4800
1/4/2019 6:00,CLG9,17192,4800,4815,4788,4800
1/4/2019 7:00,CLG9,24629,4800,4832,4797,4819
1/4/2019 8:00,CLG9,22305,4819,4822,4786,4794
1/4/2019 9:00,CLG9,58553,4795,4844,4762,4821
1/4/2019 10:00,CLG9,88500,4821,4892,4787,4861
1/4/2019 11:00,CLG9,73168,4862,4922,4853,4894
1/4/2019 12:00,CLG9,137207,4897,4908,4764,4825
1/4/2019 13:00,CLG9,54710,4825,4829,4770,4791
1/4/2019 14:00,CLG9,33542,4791,4826,4780,4789
1/4/2019 15:00,CLG9,35825,4790,4816,4775,4805
1/4/2019 16:00,CLG9,7732,4805,4827,4805,4822
1/4/2019 17:00,CLG9,3404,4821,4836,4815,4831
1/6/2019 19:00,CLG9,6584,4830,4866,4811,4860
1/6/2019 20:00,CLG9,6791,4861,4888,4854,4860
1/6/2019 21:00,CLG9,9166,4860,4860,4834,4848
1/6/2019 22:00,CLG9,8387,4847,4869,4846,4864
1/6/2019 23:00,CLG9,8798,4864,4880,4847,4868
1/7/2019 0:00,CLG9,5052,4867,4881,4863,4866
1/7/2019 1:00,CLG9,4670,4865,4879,4865,4872
1/7/2019 2:00,CLG9,14096,4872,4891,4858,4876
1/7/2019 3:00,CLG9,14992,4877,4895,4865,4886
1/7/2019 4:00,CLG9,27118,4887,4906,4876,4885
1/7/2019 5:00,CLG9,25290,4885,4908,4866,4897
1/7/2019 6:00,CLG9,36944,4898,4947,4892,4928
1/7/2019 7:00,CLG9,24044,4927,4929,4894,4918
1/7/2019 8:00,CLG9,28775,4918,4927,4879,4889
1/7/2019 9:00,CLG9,39783,4889,4925,4885,4916
1/7/2019 10:00,CLG9,81925,4917,4923,4834,4882
1/7/2019 11:00,CLG9,124444,4882,4979,4878,4969
1/7/2019 12:00,CLG9,82535,4969,4979,4912,4923
1/7/2019 13:00,CLG9,46001,4923,4942,4893,4924
1/7/2019 14:00,CLG9,38536,4924,4940,4884,4885
1/7/2019 15:00,CLG9,55207,4885,4898,4846,4864
1/7/2019 16:00,CLG9,9619,4864,4870,4854,4868
1/7/2019 17:00,CLG9,2802,4867,4878,4865,4877
1/7/2019 19:00,CLG9,2497,4873,4885,4872,4875
1/7/2019 20:00,CLG9,5275,4876,4887,4863,4885
1/7/2019 21:00,CLG9,17331,4884,4896,4831,4858
1/7/2019 22:00,CLG9,9071,4857,4880,4851,4878
1/7/2019 23:00,CLG9,6211,4878,4880,4857,4859
1/8/2019 0:00,CLG9,3751,4858,4864,4854,4863
1/8/2019 1:00,CLG9,7737,4863,4867,4847,4850
1/8/2019 2:00,CLG9,7443,4850,4862,4844,4854
1/8/2019 3:00,CLG9,10343,4855,4870,4845,4853
1/8/2019 4:00,CLG9,23874,4853,4875,4851,4865
1/8/2019 5:00,CLG9,25995,4864,4913,4864,4900
1/8/2019 6:00,CLG9,24035,4899,4933,4895,4927
1/8/2019 7:00,CLG9,20429,4927,4945,4919,4927
1/8/2019 8:00,CLG9,29541,4926,4927,4894,4908
1/8/2019 9:00,CLG9,39207,4909,4938,4901,4919
1/8/2019 10:00,CLG9,80323,4919,4961,4910,4960
1/8/2019 11:00,CLG9,83718,4961,4968,4902,4927
1/8/2019 12:00,CLG9,71292,4928,4985,4910,4984
1/8/2019 13:00,CLG9,53474,4984,4995,4948,4951
1/8/2019 14:00,CLG9,43357,4950,4982,4921,4977
1/8/2019 15:00,CLG9,40693,4977,4985,4955,4965
1/8/2019 16:00,CLG9,5266,4964,4974,4959,4971
1/8/2019 17:00,CLG9,8227,4971,4991,4954,4979
1/8/2019 19:00,CLG9,4170,4980,5004,4971,4999
1/8/2019 20:00,CLG9,10856,4999,5042,4993,5039
1/8/2019 21:00,CLG9,13125,5038,5047,5023,5043
1/8/2019 22:00,CLG9,13715,5044,5061,5036,5048
1/8/2019 23:00,CLG9,5580,5047,5055,5042,5050
1/9/2019 0:00,CLG9,7060,5050,5066,5048,5053
1/9/2019 1:00,CLG9,4836,5052,5063,5052,5058
1/9/2019 2:00,CLG9,10898,5057,5057,5031,5032
1/9/2019 3:00,CLG9,11495,5031,5047,5029,5040
1/9/2019 4:00,CLG9,26537,5041,5041,5019,5031
1/9/2019 5:00,CLG9,45172,5030,5095,5017,5085
1/9/2019 6:00,CLG9,29467,5084,5109,5067,5078
1/9/2019 7:00,CLG9,16689,5078,5099,5070,5092
1/9/2019 8:00,CLG9,18451,5092,5095,5074,5082
1/9/2019 9:00,CLG9,52517,5082,5129,5078,5121
1/9/2019 10:00,CLG9,60410,5120,5149,5109,5134
1/9/2019 11:00,CLG9,109800,5134,5150,5059,5093
1/9/2019 12:00,CLG9,128949,5093,5258,5092,5234
1/9/2019 13:00,CLG9,53389,5234,5245,5178,5209
1/9/2019 14:00,CLG9,36759,5208,5245,5197,5230
1/9/2019 15:00,CLG9,57565,5230,5254,5208,5222
1/9/2019 16:00,CLG9,11669,5222,5242,5220,5229
1/9/2019 17:00,CLG9,5130,5229,5231,5213,5216
1/9/2019 19:00,CLG9,2562,5218,5221,5208,5217
1/9/2019 20:00,CLG9,8321,5217,5221,5189,5194
1/9/2019 21:00,CLG9,19655,5195,5196,5150,5183
1/9/2019 22:00,CLG9,13608,5182,5192,5168,5182
1/9/2019 23:00,CLG9,7064,5182,5196,5179,5191
1/10/2019 0:00,CLG9,4347,5190,5194,5176,5184
1/10/2019 1:00,CLG9,6894,5185,5188,5167,5176
1/10/2019 2:00,CLG9,9745,5177,5180,5167,5176
1/10/2019 3:00,CLG9,10094,5176,5183,5164,5170
1/10/2019 4:00,CLG9,32311,5171,5176,5152,5166
1/10/2019 5:00,CLG9,26750,5166,5181,5145,5172
1/10/2019 6:00,CLG9,38903,5172,5223,5169,5188
1/10/2019 7:00,CLG9,21925,5189,5204,5182,5190
1/10/2019 8:00,CLG9,29309,5189,5218,5188,5209
1/10/2019 9:00,CLG9,53607,5208,5226,5156,5164
1/10/2019 10:00,CLG9,94599,5164,5185,5137,5158
1/10/2019 11:00,CLG9,89120,5158,5234,5157,5215
1/10/2019 12:00,CLG9,79416,5214,5270,5205,5230
1/10/2019 13:00,CLG9,33737,5229,5240,5215,5226
1/10/2019 14:00,CLG9,40763,5226,5239,5198,5233
1/10/2019 15:00,CLG9,52609,5233,5278,5218,5264
1/10/2019 16:00,CLG9,9004,5264,5267,5252,5255
1/10/2019 17:00,CLG9,4887,5254,5257,5227,5232
1/10/2019 19:00,CLG9,1833,5228,5235,5225,5229
1/10/2019 20:00,CLG9,5459,5229,5239,5221,5222
1/10/2019 21:00,CLG9,8690,5223,5236,5214,5233
1/10/2019 22:00,CLG9,6405,5233,5248,5227,5246
1/10/2019 23:00,CLG9,4981,5245,5255,5239,5248
1/11/2019 0:00,CLG9,2673,5247,5253,5244,5249
1/11/2019 1:00,CLG9,7150,5249,5266,5247,5259
1/11/2019 2:00,CLG9,6523,5260,5264,5248,5261
1/11/2019 3:00,CLG9,16890,5262,5286,5257,5275
1/11/2019 4:00,CLG9,44548,5276,5314,5274,5310
1/11/2019 5:00,CLG9,33752,5311,5331,5305,5312
1/11/2019 6:00,CLG9,25922,5312,5317,5285,5305
1/11/2019 7:00,CLG9,21746,5305,5307,5278,5282
1/11/2019 8:00,CLG9,25721,5282,5290,5257,5259
1/11/2019 9:00,CLG9,69845,5258,5262,5175,5196
1/11/2019 10:00,CLG9,96673,5197,5216,5118,5159
1/11/2019 11:00,CLG9,87281,5160,5220,5153,5217
1/11/2019 12:00,CLG9,80205,5217,5236,5150,5177
1/11/2019 13:00,CLG9,36041,5178,5189,5157,5167
1/11/2019 14:00,CLG9,50942,5167,5174,5120,5158
1/11/2019 15:00,CLG9,39942,5158,5181,5141,5175
1/11/2019 16:00,CLG9,6839,5174,5184,5163,5165
1/11/2019 17:00,CLG9,3532,5165,5183,5157,5170
1/13/2019 19:00,CLG9,5703,5173,5211,5172,5184
1/13/2019 20:00,CLG9,4825,5183,5195,5172,5186
1/13/2019 21:00,CLG9,10507,5185,5185,5149,5152
1/13/2019 22:00,CLG9,10404,5152,5152,5127,5130
1/13/2019 23:00,CLG9,15054,5130,5130,5085,5111
1/14/2019 0:00,CLG9,4967,5112,5115,5101,5106
1/14/2019 1:00,CLG9,7783,5106,5114,5093,5098
1/14/2019 2:00,CLG9,11623,5097,5108,5073,5084
1/14/2019 3:00,CLG9,12486,5084,5092,5070,5089
1/14/2019 4:00,CLG9,24098,5088,5107,5059,5060
1/14/2019 5:00,CLG9,33229,5060,5128,5060,5074
1/14/2019 6:00,CLG9,22938,5073,5083,5043,5077
1/14/2019 7:00,CLG9,21419,5076,5101,5072,5101
1/14/2019 8:00,CLG9,22431,5101,5123,5098,5110
1/14/2019 9:00,CLG9,43057,5111,5126,5069,5085
1/14/2019 10:00,CLG9,48281,5087,5139,5087,5119
1/14/2019 11:00,CLG9,43372,5119,5180,5118,5159
1/14/2019 12:00,CLG9,38647,5159,5162,5103,5118
1/14/2019 13:00,CLG9,19680,5119,5134,5103,5110
1/14/2019 14:00,CLG9,19585,5110,5140,5109,5120
1/14/2019 15:00,CLG9,33944,5119,5120,5039,5073
1/14/2019 16:00,CLG9,7006,5073,5074,5058,5063
1/14/2019 17:00,CLG9,3560,5062,5081,5060,5078
1/14/2019 18:00,CLG9,1,5078,5078,5078,5078
1/14/2019 19:00,CLG9,3040,5078,5083,5064,5069
1/14/2019 20:00,CLG9,4541,5069,5090,5068,5088
1/14/2019 21:00,CLG9,11076,5088,5130,5088,5113
1/14/2019 22:00,CLG9,6980,5113,5119,5099,5108
1/14/2019 23:00,CLG9,4192,5109,5119,5107,5113
1/15/2019 0:00,CLG9,1983,5112,5117,5106,5107
1/15/2019 1:00,CLG9,5181,5107,5127,5106,5126
1/15/2019 2:00,CLG9,5166,5126,5132,5118,5123
1/15/2019 3:00,CLG9,8689,5122,5125,5107,5108
1/15/2019 4:00,CLG9,30639,5107,5127,5077,5083
1/15/2019 5:00,CLG9,22573,5083,5107,5067,5091
1/15/2019 6:00,CLG9,19517,5092,5114,5075,5112
1/15/2019 7:00,CLG9,23334,5112,5137,5107,5115
1/15/2019 8:00,CLG9,24071,5115,5126,5093,5125
1/15/2019 9:00,CLG9,30766,5125,5140,5114,5118
1/15/2019 10:00,CLG9,60569,5118,5200,5109,5175
1/15/2019 11:00,CLG9,44651,5176,5218,5164,5195
1/15/2019 12:00,CLG9,37245,5194,5204,5155,5172
1/15/2019 13:00,CLG9,10844,5173,5187,5166,5185
1/15/2019 13:00,CLH9,1839,5214,5225,5205,5208
1/15/2019 14:00,CLH9,4268,5208,5232,5199,5229
1/15/2019 15:00,CLH9,7116,5228,5258,5213,5222
1/15/2019 16:00,CLH9,1596,5223,5244,5222,5236
1/15/2019 17:00,CLH9,1083,5238,5242,5219,5227
1/15/2019 19:00,CLH9,736,5229,5229,5216,5220
1/15/2019 20:00,CLH9,758,5219,5234,5206,5217
1/15/2019 21:00,CLH9,1591,5217,5227,5201,5226
1/15/2019 22:00,CLH9,1821,5226,5240,5223,5229
1/15/2019 23:00,CLH9,700,5229,5233,5219,5225
1/16/2019 0:00,CLH9,969,5225,5245,5225,5237
1/16/2019 1:00,CLH9,833,5238,5249,5236,5245
1/16/2019 2:00,CLH9,1757,5245,5263,5235,5240
1/16/2019 3:00,CLH9,1987,5240,5255,5238,5245
1/16/2019 4:00,CLH9,5070,5244,5280,5236,5269
1/16/2019 5:00,CLH9,4440,5271,5275,5210,5219
1/16/2019 6:00,CLH9,3485,5220,5229,5204,5218
1/16/2019 7:00,CLH9,3829,5218,5225,5188,5201
1/16/2019 8:00,CLH9,3278,5200,5205,5181,5196
1/16/2019 9:00,CLH9,4361,5196,5202,5175,5187
1/16/2019 10:00,CLH9,10472,5186,5249,5175,5243
1/16/2019 11:00,CLH9,14166,5244,5268,5174,5198
1/16/2019 12:00,CLH9,14702,5199,5253,5156,5224
1/16/2019 13:00,CLH9,6217,5223,5233,5201,5211
1/16/2019 14:00,CLH9,5064,5211,5224,5209,5222
1/16/2019 15:00,CLH9,9109,5221,5271,5212,5256
1/16/2019 16:00,CLH9,2886,5256,5274,5256,5264
1/16/2019 17:00,CLH9,949,5265,5269,5259,5261
1/16/2019 19:00,CLH9,760,5260,5265,5248,5253
1/16/2019 20:00,CLH9,2127,5252,5254,5234,5239
1/16/2019 21:00,CLH9,6928,5239,5247,5208,5216
1/16/2019 22:00,CLH9,3014,5215,5233,5215,5232
1/16/2019 23:00,CLH9,2338,5233,5238,5227,5227
1/17/2019 0:00,CLH9,2003,5227,5235,5222,5230
1/17/2019 1:00,CLH9,2413,5231,5233,5218,5229
1/17/2019 2:00,CLH9,3466,5229,5235,5221,5228
1/17/2019 3:00,CLH9,5638,5228,5233,5215,5221
1/17/2019 4:00,CLH9,12830,5221,5226,5206,5226
1/17/2019 5:00,CLH9,12780,5226,5234,5188,5202
1/17/2019 6:00,CLH9,9953,5201,5217,5192,5200
1/17/2019 7:00,CLH9,11085,5200,5208,5174,5180
1/17/2019 8:00,CLH9,15305,5180,5186,5142,5148
1/17/2019 9:00,CLH9,21645,5149,5177,5133,5168
1/17/2019 10:00,CLH9,29520,5169,5210,5160,5201
1/17/2019 11:00,CLH9,36134,5201,5201,5137,5149
1/17/2019 12:00,CLH9,36938,5149,5206,5129,5199
1/17/2019 13:00,CLH9,24246,5199,5238,5194,5198
1/17/2019 14:00,CLH9,16345,5198,5239,5196,5231
1/17/2019 15:00,CLH9,27459,5231,5288,5224,5266
1/17/2019 16:00,CLH9,6847,5267,5275,5250,5251
1/17/2019 17:00,CLH9,1854,5251,5258,5246,5248
1/17/2019 19:00,CLH9,2141,5253,5253,5237,5248
1/17/2019 20:00,CLH9,3931,5248,5280,5246,5265
1/17/2019 21:00,CLH9,10679,5265,5301,5265,5293
1/17/2019 22:00,CLH9,6749,5293,5303,5275,5287
1/17/2019 23:00,CLH9,2932,5287,5294,5285,5289
1/18/2019 0:00,CLH9,1805,5288,5293,5284,5289
1/18/2019 1:00,CLH9,4115,5290,5303,5288,5296
1/18/2019 2:00,CLH9,5302,5296,5313,5295,5301
1/18/2019 3:00,CLH9,9969,5301,5302,5275,5280
1/18/2019 4:00,CLH9,15654,5279,5299,5270,5278
1/18/2019 5:00,CLH9,13707,5280,5296,5260,5294
1/18/2019 6:00,CLH9,15112,5295,5319,5291,5308
1/18/2019 7:00,CLH9,13185,5308,5320,5295,5312
1/18/2019 8:00,CLH9,16244,5312,5315,5275,5288
1/18/2019 9:00,CLH9,27881,5288,5316,5286,5304
1/18/2019 10:00,CLH9,36761,5305,5307,5260,5275
1/18/2019 11:00,CLH9,63103,5276,5414,5275,5400
1/18/2019 12:00,CLH9,42742,5401,5414,5373,5382
1/18/2019 13:00,CLH9,23186,5382,5389,5367,5384
1/18/2019 14:00,CLH9,20802,5384,5408,5377,5401
1/18/2019 15:00,CLH9,23399,5401,5414,5390,5409
1/18/2019 16:00,CLH9,6137,5409,5414,5391,5393
1/18/2019 17:00,CLH9,4196,5393,5413,5391,5399
1/20/2019 19:00,CLH9,4840,5395,5406,5354,5365
1/20/2019 20:00,CLH9,4769,5366,5383,5357,5375
1/20/2019 21:00,CLH9,7311,5375,5392,5365,5376
1/20/2019 22:00,CLH9,11143,5376,5425,5376,5416
1/20/2019 23:00,CLH9,9592,5417,5441,5413,5429
1/21/2019 0:00,CLH9,3126,5430,5431,5424,5428
1/21/2019 1:00,CLH9,5990,5428,5428,5408,5417
1/21/2019 2:00,CLH9,4685,5416,5431,5413,5414
1/21/2019 3:00,CLH9,6779,5413,5422,5400,5401
1/21/2019 4:00,CLH9,19288,5401,5406,5381,5397
1/21/2019 5:00,CLH9,17218,5396,5405,5375,5385
1/21/2019 6:00,CLH9,15470,5384,5412,5381,5393
1/21/2019 7:00,CLH9,8618,5394,5400,5386,5393
1/21/2019 8:00,CLH9,15004,5393,5417,5392,5403
1/21/2019 9:00,CLH9,20405,5404,5429,5403,5429
1/21/2019 10:00,CLH9,24734,5428,5440,5416,5424
1/21/2019 11:00,CLH9,34735,5425,5451,5411,5418
1/21/2019 12:00,CLH9,30256,5418,5425,5379,5407
1/21/2019 13:00,CLH9,10233,5407,5425,5405,5422
1/21/2019 19:00,CLH9,2318,5418,5424,5410,5424
1/21/2019 20:00,CLH9,6543,5424,5432,5380,5393
1/21/2019 21:00,CLH9,6513,5393,5405,5384,5388
1/21/2019 22:00,CLH9,12388,5389,5398,5364,5368
1/21/2019 23:00,CLH9,6079,5369,5381,5368,5371
1/22/2019 0:00,CLH9,2959,5371,5375,5365,5372
1/22/2019 1:00,CLH9,11747,5372,5373,5342,5357
1/22/2019 2:00,CLH9,5568,5357,5364,5351,5362
1/22/2019 3:00,CLH9,11517,5362,5377,5362,5372
1/22/2019 4:00,CLH9,25469,5373,5381,5347,5354
1/22/2019 5:00,CLH9,29094,5355,5367,5323,5334
1/22/2019 6:00,CLH9,18352,5334,5349,5314,5317
1/22/2019 7:00,CLH9,23931,5317,5319,5290,5304
1/22/2019 8:00,CLH9,18850,5304,5317,5296,5306
1/22/2019 9:00,CLH9,39432,5306,5332,5285,5294
1/22/2019 10:00,CLH9,69277,5293,5298,5256,5263
1/22/2019 11:00,CLH9,97208,5263,5264,5204,5216
1/22/2019 12:00,CLH9,61669,5216,5253,5211,5237
1/22/2019 13:00,CLH9,34315,5238,5269,5236,5254
1/22/2019 14:00,CLH9,40952,5254,5272,5226,5271
1/22/2019 15:00,CLH9,55715,5270,5315,5269,5288
1/22/2019 16:00,CLH9,9944,5287,5312,5283,5301
1/22/2019 17:00,CLH9,2811,5301,5303,5292,5299
1/22/2019 19:00,CLH9,3633,5295,5308,5287,5289
1/22/2019 20:00,CLH9,4418,5289,5290,5269,5285
1/22/2019 21:00,CLH9,10638,5284,5318,5269,5313
1/22/2019 22:00,CLH9,6268,5312,5312,5296,5297
1/22/2019 23:00,CLH9,3715,5298,5310,5296,5306
1/23/2019 0:00,CLH9,2008,5306,5306,5298,5299
1/23/2019 1:00,CLH9,7534,5300,5320,5293,5314
1/23/2019 2:00,CLH9,10716,5313,5337,5313,5327
1/23/2019 3:00,CLH9,8063,5327,5329,5316,5324
1/23/2019 4:00,CLH9,23466,5325,5328,5296,5303
1/23/2019 5:00,CLH9,32022,5302,5332,5277,5328
1/23/2019 6:00,CLH9,33716,5327,5364,5320,5344
1/23/2019 7:00,CLH9,13580,5344,5348,5334,5338
1/23/2019 8:00,CLH9,16408,5339,5355,5333,5343
1/23/2019 9:00,CLH9,42377,5343,5359,5307,5331
1/23/2019 10:00,CLH9,74394,5330,5333,5280,5285
1/23/2019 11:00,CLH9,78629,5286,5314,5264,5285
1/23/2019 12:00,CLH9,112971,5285,5321,5190,5203
1/23/2019 13:00,CLH9,48067,5202,5244,5186,5236
1/23/2019 14:00,CLH9,30532,5236,5247,5222,5223
1/23/2019 15:00,CLH9,42162,5223,5270,5213,5268
1/23/2019 16:00,CLH9,10808,5267,5281,5258,5260
1/23/2019 17:00,CLH9,7272,5260,5278,5221,5243
1/23/2019 19:00,CLH9,2400,5245,5255,5240,5246
1/23/2019 20:00,CLH9,4454,5245,5259,5235,5250
1/23/2019 21:00,CLH9,10231,5250,5272,5234,5238
1/23/2019 22:00,CLH9,9410,5237,5239,5217,5237
1/23/2019 23:00,CLH9,4764,5237,5245,5236,5243
1/24/2019 0:00,CLH9,2642,5244,5249,5237,5240
1/24/2019 1:00,CLH9,5791,5240,5244,5226,5235
1/24/2019 2:00,CLH9,5341,5234,5241,5230,5239
1/24/2019 3:00,CLH9,10934,5239,5248,5228,5234
1/24/2019 4:00,CLH9,24993,5234,5246,5212,5234
1/24/2019 5:00,CLH9,32675,5234,5288,5229,5280
1/24/2019 6:00,CLH9,19222,5280,5286,5255,5260
1/24/2019 7:00,CLH9,22358,5261,5266,5227,5242
1/24/2019 8:00,CLH9,24109,5242,5248,5209,5222
1/24/2019 9:00,CLH9,37308,5222,5241,5207,5223
1/24/2019 10:00,CLH9,74232,5223,5282,5223,5273
1/24/2019 11:00,CLH9,59368,5272,5292,5258,5284
1/24/2019 12:00,CLH9,152205,5283,5342,5253,5322
1/24/2019 13:00,CLH9,34353,5322,5332,5308,5312
1/24/2019 14:00,CLH9,37473,5312,5347,5306,5324
1/24/2019 15:00,CLH9,44458,5324,5329,5295,5319
1/24/2019 16:00,CLH9,5395,5319,5328,5314,5319
1/24/2019 17:00,CLH9,3743,5320,5327,5309,5318
1/24/2019 19:00,CLH9,2582,5317,5321,5303,5308
1/24/2019 20:00,CLH9,4498,5309,5323,5308,5316
1/24/2019 21:00,CLH9,8748,5315,5340,5306,5336
1/24/2019 22:00,CLH9,20136,5336,5394,5336,5378
1/24/2019 23:00,CLH9,5841,5379,5392,5377,5385
1/25/2019 0:00,CLH9,3495,5385,5391,5373,5380
1/25/2019 1:00,CLH9,3954,5380,5391,5378,5380
1/25/2019 2:00,CLH9,5780,5380,5385,5370,5374
1/25/2019 3:00,CLH9,11649,5375,5377,5363,5369
1/25/2019 4:00,CLH9,25406,5369,5382,5351,5374
1/25/2019 5:00,CLH9,26296,5373,5376,5329,5335
1/25/2019 6:00,CLH9,17289,5335,5344,5320,5326
1/25/2019 7:00,CLH9,20595,5327,5341,5309,5316
1/25/2019 8:00,CLH9,24370,5316,5322,5291,5313
1/25/2019 9:00,CLH9,40980,5313,5342,5307,5311
1/25/2019 10:00,CLH9,69341,5310,5368,5304,5340
1/25/2019 11:00,CLH9,67955,5340,5353,5317,5341
1/25/2019 12:00,CLH9,56932,5341,5369,5324,5367
1/25/2019 13:00,CLH9,36526,5366,5375,5347,5363
1/25/2019 14:00,CLH9,24737,5363,5383,5355,5375
1/25/2019 15:00,CLH9,35808,5375,5383,5356,5366
1/25/2019 16:00,CLH9,5752,5366,5369,5353,5357
1/25/2019 17:00,CLH9,3233,5356,5362,5352,5355
1/27/2019 19:00,CLH9,4628,5356,5364,5325,5326
1/27/2019 20:00,CLH9,3886,5327,5343,5320,5337
1/27/2019 21:00,CLH9,10200,5337,5362,5326,5356
1/27/2019 22:00,CLH9,5174,5357,5360,5340,5341
1/27/2019 23:00,CLH9,4128,5340,5341,5329,5333
1/28/2019 0:00,CLH9,1646,5333,5339,5332,5335
1/28/2019 1:00,CLH9,10686,5335,5338,5302,5309
1/28/2019 2:00,CLH9,11401,5309,5312,5286,5293
1/28/2019 3:00,CLH9,8617,5292,5300,5292,5299
1/28/2019 4:00,CLH9,26233,5299,5300,5268,5278
1/28/2019 5:00,CLH9,19524,5278,5284,5253,5262
1/28/2019 6:00,CLH9,16839,5262,5276,5250,5269
1/28/2019 7:00,CLH9,12104,5269,5284,5266,5273
1/28/2019 8:00,CLH9,16767,5273,5288,5266,5271
1/28/2019 9:00,CLH9,43291,5270,5279,5242,5253
1/28/2019 10:00,CLH9,103044,5254,5261,5181,5192
1/28/2019 11:00,CLH9,71988,5192,5211,5169,5186
1/28/2019 12:00,CLH9,76439,5185,5191,5133,5157
1/28/2019 13:00,CLH9,24922,5157,5165,5150,5155
1/28/2019 14:00,CLH9,25730,5155,5182,5155,5182
1/28/2019 15:00,CLH9,52076,5182,5205,5174,5197
1/28/2019 16:00,CLH9,12081,5198,5222,5197,5215
1/28/2019 17:00,CLH9,3935,5215,5224,5205,5209
1/28/2019 19:00,CLH9,2296,5212,5216,5200,5206
1/28/2019 20:00,CLH9,4635,5207,5215,5184,5186
1/28/2019 21:00,CLH9,11981,5187,5229,5187,5219
1/28/2019 22:00,CLH9,7253,5219,5219,5203,5216
1/28/2019 23:00,CLH9,3863,5215,5221,5209,5211
1/29/2019 0:00,CLH9,2698,5211,5217,5208,5210
1/29/2019 1:00,CLH9,9635,5210,5244,5210,5240
1/29/2019 2:00,CLH9,16421,5240,5255,5217,5219
1/29/2019 3:00,CLH9,12456,5219,5225,5202,5205
1/29/2019 4:00,CLH9,23358,5205,5222,5189,5221
1/29/2019 5:00,CLH9,35086,5222,5253,5221,5250
1/29/2019 6:00,CLH9,18723,5250,5260,5240,5248
1/29/2019 7:00,CLH9,13369,5248,5249,5236,5239
1/29/2019 8:00,CLH9,24283,5240,5254,5229,5241
1/29/2019 9:00,CLH9,29208,5242,5256,5235,5250
1/29/2019 10:00,CLH9,97423,5250,5354,5249,5347
1/29/2019 11:00,CLH9,96343,5347,5393,5319,5334
1/29/2019 12:00,CLH9,66207,5333,5351,5305,5342
1/29/2019 13:00,CLH9,30969,5343,5357,5327,5341
1/29/2019 14:00,CLH9,26287,5342,5343,5322,5339
1/29/2019 15:00,CLH9,42722,5340,5346,5307,5309
1/29/2019 16:00,CLH9,6537,5309,5324,5306,5316
1/29/2019 17:00,CLH9,3897,5316,5336,5314,5324
1/29/2019 19:00,CLH9,2149,5324,5339,5322,5333
1/29/2019 20:00,CLH9,3681,5333,5333,5313,5323
1/29/2019 21:00,CLH9,8336,5324,5337,5311,5330
1/29/2019 22:00,CLH9,4778,5330,5337,5321,5326
1/29/2019 23:00,CLH9,8763,5326,5350,5326,5350
1/30/2019 0:00,CLH9,6002,5349,5358,5347,5354
1/30/2019 1:00,CLH9,7462,5353,5361,5335,5339
1/30/2019 2:00,CLH9,8005,5339,5353,5328,5330
1/30/2019 3:00,CLH9,7405,5329,5334,5322,5329
1/30/2019 4:00,CLH9,22126,5329,5343,5309,5340
1/30/2019 5:00,CLH9,21159,5340,5352,5318,5340
1/30/2019 6:00,CLH9,18902,5340,5375,5339,5375
1/30/2019 7:00,CLH9,24838,5374,5400,5364,5382
1/30/2019 8:00,CLH9,24980,5382,5394,5376,5391
1/30/2019 9:00,CLH9,35567,5390,5400,5371,5383
1/30/2019 10:00,CLH9,71393,5384,5411,5364,5387
1/30/2019 11:00,CLH9,92328,5387,5452,5376,5447
1/30/2019 12:00,CLH9,96718,5447,5489,5445,5486
1/30/2019 13:00,CLH9,34441,5485,5493,5470,5473
1/30/2019 14:00,CLH9,29316,5473,5473,5440,5440
1/30/2019 15:00,CLH9,65178,5442,5472,5412,5430
1/30/2019 16:00,CLH9,8931,5429,5431,5415,5431
1/30/2019 17:00,CLH9,3387,5430,5432,5417,5422
1/30/2019 19:00,CLH9,3917,5428,5452,5421,5448
1/30/2019 20:00,CLH9,1736,5448,5451,5439,5443
1/30/2019 21:00,CLH9,9401,5443,5469,5442,5460
1/30/2019 22:00,CLH9,3981,5460,5468,5455,5460
1/30/2019 23:00,CLH9,3397,5460,5469,5456,5467
1/31/2019 0:00,CLH9,2138,5467,5469,5460,5462
1/31/2019 1:00,CLH9,4335,5462,5464,5450,5461
1/31/2019 2:00,CLH9,3918,5462,5465,5452,5459
1/31/2019 3:00,CLH9,8449,5459,5459,5445,5448
1/31/2019 4:00,CLH9,20782,5448,5455,5433,5434
1/31/2019 5:00,CLH9,26791,5433,5439,5392,5421
1/31/2019 6:00,CLH9,19549,5421,5430,5405,5410
1/31/2019 7:00,CLH9,15914,5411,5439,5405,5426
1/31/2019 8:00,CLH9,29119,5426,5445,5409,5417
1/31/2019 9:00,CLH9,26365,5417,5446,5416,5442
1/31/2019 10:00,CLH9,79271,5442,5515,5441,5504
1/31/2019 11:00,CLH9,74675,5505,5537,5496,5521
1/31/2019 12:00,CLH9,66067,5521,5532,5497,5521
1/31/2019 13:00,CLH9,56712,5520,5521,5432,5434
1/31/2019 14:00,CLH9,76773,5433,5448,5362,5376
1/31/2019 15:00,CLH9,55010,5376,5401,5362,5386
1/31/2019 16:00,CLH9,9085,5386,5406,5376,5401
1/31/2019 17:00,CLH9,3178,5401,5406,5390,5402
1/31/2019 19:00,CLH9,2713,5401,5409,5385,5390
1/31/2019 20:00,CLH9,4655,5389,5406,5389,5400
1/31/2019 21:00,CLH9,12357,5400,5419,5370,5371
1/31/2019 22:00,CLH9,8730,5371,5375,5356,5371
1/31/2019 23:00,CLH9,3610,5371,5378,5366,5371
2/1/2019 0:00,CLH9,5444,5371,5392,5366,5383
2/1/2019 1:00,CLH9,3826,5382,5391,5372,5373
2/1/2019 2:00,CLH9,4770,5373,5385,5371,5373
2/1/2019 3:00,CLH9,7270,5372,5390,5372,5385
2/1/2019 4:00,CLH9,30196,5385,5388,5343,5353
2/1/2019 5:00,CLH9,17923,5353,5364,5337,5355
2/1/2019 6:00,CLH9,18308,5355,5384,5349,5380
2/1/2019 7:00,CLH9,19637,5380,5389,5361,5379
2/1/2019 8:00,CLH9,21185,5380,5382,5360,5374
2/1/2019 9:00,CLH9,44742,5375,5420,5348,5400
2/1/2019 10:00,CLH9,73800,5401,5460,5396,5430
2/1/2019 11:00,CLH9,59224,5431,5469,5422,5458
2/1/2019 12:00,CLH9,71523,5458,5488,5442,5468
2/1/2019 13:00,CLH9,44205,5468,5507,5466,5496
2/1/2019 14:00,CLH9,72422,5497,5566,5496,5529
2/1/2019 15:00,CLH9,60362,5529,5537,5483,5532
2/1/2019 16:00,CLH9,7894,5531,5537,5526,5536
2/1/2019 17:00,CLH9,4232,5537,5537,5526,5537
2/3/2019 19:00,CLH9,5578,5532,5546,5513,5523
2/3/2019 20:00,CLH9,4041,5523,5538,5520,5522
2/3/2019 21:00,CLH9,6873,5523,5524,5498,5520
2/3/2019 22:00,CLH9,7116,5520,5545,5519,5536
2/3/2019 23:00,CLH9,6298,5536,5540,5510,5519
2/4/2019 0:00,CLH9,5570,5520,5532,5516,5524
2/4/2019 1:00,CLH9,3723,5523,5524,5510,5514
2/4/2019 2:00,CLH9,4406,5515,5529,5508,5525
2/4/2019 3:00,CLH9,12244,5524,5568,5513,5551
2/4/2019 4:00,CLH9,20426,5551,5565,5521,5538
2/4/2019 5:00,CLH9,17117,5538,5567,5531,5556
2/4/2019 6:00,CLH9,18140,5555,5575,5533,5534
2/4/2019 7:00,CLH9,17190,5534,5541,5507,5515
2/4/2019 8:00,CLH9,24997,5515,5518,5481,5488
2/4/2019 9:00,CLH9,34658,5488,5490,5449,5456
2/4/2019 10:00,CLH9,65961,5457,5463,5405,5422
2/4/2019 11:00,CLH9,103453,5422,5422,5329,5376
2/4/2019 12:00,CLH9,59444,5376,5431,5374,5422
2/4/2019 13:00,CLH9,35560,5421,5456,5414,5449
2/4/2019 14:00,CLH9,31679,5449,5463,5438,5445
2/4/2019 15:00,CLH9,36862,5445,5481,5440,5480
2/4/2019 16:00,CLH9,5996,5480,5481,5469,5473
2/4/2019 17:00,CLH9,3042,5474,5487,5469,5484
2/4/2019 19:00,CLH9,1862,5486,5489,5472,5474
2/4/2019 20:00,CLH9,2421,5474,5477,5462,5468
2/4/2019 21:00,CLH9,3868,5468,5484,5460,5481
2/4/2019 22:00,CLH9,2292,5482,5485,5473,5480
2/4/2019 23:00,CLH9,2163,5480,5486,5476,5481
2/5/2019 0:00,CLH9,2603,5481,5493,5481,5486
2/5/2019 1:00,CLH9,2526,5486,5488,5472,5476
2/5/2019 2:00,CLH9,3197,5477,5489,5472,5473
2/5/2019 3:00,CLH9,5050,5473,5479,5466,5468
2/5/2019 4:00,CLH9,15853,5468,5479,5440,5442
2/5/2019 5:00,CLH9,28254,5442,5520,5438,5505
2/5/2019 6:00,CLH9,11495,5505,5521,5501,5514
2/5/2019 7:00,CLH9,22126,5515,5516,5453,5460
2/5/2019 8:00,CLH9,46415,5460,5461,5410,5422
2/5/2019 9:00,CLH9,46208,5423,5430,5378,5420
2/5/2019 10:00,CLH9,76498,5420,5425,5362,5421
2/5/2019 11:00,CLH9,77088,5421,5463,5413,5447
2/5/2019 12:00,CLH9,61887,5446,5448,5373,5397
2/5/2019 13:00,CLH9,34615,5397,5398,5353,5359
2/5/2019 14:00,CLH9,34279,5359,5386,5347,5377
2/5/2019 15:00,CLH9,38669,5376,5394,5362,5368
2/5/2019 16:00,CLH9,4753,5368,5379,5367,5370
2/5/2019 17:00,CLH9,3383,5370,5374,5360,5372
2/5/2019 19:00,CLH9,1962,5373,5382,5369,5379
2/5/2019 20:00,CLH9,2172,5379,5385,5367,5368
2/5/2019 21:00,CLH9,3205,5368,5377,5362,5374
2/5/2019 22:00,CLH9,1845,5375,5377,5368,5372
2/5/2019 23:00,CLH9,3294,5371,5375,5357,5362
2/6/2019 0:00,CLH9,1660,5363,5372,5360,5372
2/6/2019 1:00,CLH9,1622,5372,5375,5366,5373
2/6/2019 2:00,CLH9,2812,5373,5373,5357,5363
2/6/2019 3:00,CLH9,11105,5362,5363,5337,5348
2/6/2019 4:00,CLH9,13770,5347,5353,5334,5349
2/6/2019 5:00,CLH9,23274,5348,5360,5308,5315
2/6/2019 6:00,CLH9,22209,5314,5332,5286,5330
2/6/2019 7:00,CLH9,17118,5330,5338,5314,5318
2/6/2019 8:00,CLH9,26240,5318,5365,5313,5359
2/6/2019 9:00,CLH9,28087,5359,5377,5342,5377
2/6/2019 10:00,CLH9,57332,5377,5377,5313,5322
2/6/2019 11:00,CLH9,99435,5322,5414,5300,5406
2/6/2019 12:00,CLH9,82039,5406,5430,5391,5408
2/6/2019 13:00,CLH9,29157,5407,5411,5381,5403
2/6/2019 14:00,CLH9,20681,5403,5414,5387,5405
2/6/2019 15:00,CLH9,36284,5406,5409,5383,5389
2/6/2019 16:00,CLH9,4683,5390,5401,5389,5396
2/6/2019 17:00,CLH9,3526,5396,5401,5388,5390
2/6/2019 19:00,CLH9,1835,5394,5404,5391,5395
2/6/2019 20:00,CLH9,3229,5395,5397,5377,5384
2/6/2019 21:00,CLH9,5647,5384,5394,5370,5382
2/6/2019 22:00,CLH9,2790,5381,5387,5376,5385
2/6/2019 23:00,CLH9,2300,5386,5394,5384,5390
2/7/2019 0:00,CLH9,1506,5391,5391,5385,5387
2/7/2019 1:00,CLH9,1724,5387,5388,5380,5382
2/7/2019 2:00,CLH9,2976,5382,5382,5371,5377
2/7/2019 3:00,CLH9,8979,5376,5376,5354,5357
2/7/2019 4:00,CLH9,16710,5358,5389,5353,5388
2/7/2019 5:00,CLH9,17108,5388,5415,5377,5412
2/7/2019 6:00,CLH9,21948,5413,5421,5371,5375
2/7/2019 7:00,CLH9,20064,5376,5381,5342,5350
2/7/2019 8:00,CLH9,27535,5350,5368,5330,5335
2/7/2019 9:00,CLH9,33527,5335,5362,5311,5344
2/7/2019 10:00,CLH9,71622,5343,5372,5313,5327
2/7/2019 11:00,CLH9,82729,5327,5337,5264,5268
2/7/2019 12:00,CLH9,106523,5269,5270,5188,5189
2/7/2019 13:00,CLH9,48895,5189,5226,5180,5206
2/7/2019 14:00,CLH9,29067,5206,5236,5205,5233
2/7/2019 15:00,CLH9,48006,5234,5274,5230,5269
2/7/2019 16:00,CLH9,7416,5269,5271,5259,5265
2/7/2019 17:00,CLH9,3540,5265,5268,5255,5261
2/7/2019 19:00,CLH9,2070,5259,5265,5249,5249
2/7/2019 20:00,CLH9,2395,5249,5263,5247,5259
2/7/2019 21:00,CLH9,6126,5258,5265,5228,5230
2/7/2019 22:00,CLH9,5022,5230,5238,5220,5237
2/7/2019 23:00,CLH9,4286,5237,5239,5216,5218
2/8/2019 0:00,CLH9,3022,5218,5227,5216,5225
2/8/2019 1:00,CLH9,3018,5225,5232,5216,5229
2/8/2019 2:00,CLH9,2422,5229,5230,5218,5222
2/8/2019 3:00,CLH9,9506,5222,5233,5208,5225
2/8/2019 4:00,CLH9,18697,5225,5251,5219,5244
2/8/2019 5:00,CLH9,13940,5245,5260,5234,5260
2/8/2019 6:00,CLH9,15464,5260,5269,5249,5255
2/8/2019 7:00,CLH9,22010,5256,5261,5225,5226
2/8/2019 8:00,CLH9,28701,5226,5254,5225,5234
2/8/2019 9:00,CLH9,39872,5234,5295,5233,5285
2/8/2019 10:00,CLH9,67665,5286,5299,5247,5257
2/8/2019 11:00,CLH9,66686,5256,5293,5242,5274
2/8/2019 12:00,CLH9,72132,5275,5280,5220,5260
2/8/2019 13:00,CLH9,27873,5260,5273,5245,5257
2/8/2019 14:00,CLH9,22090,5256,5285,5256,5271
2/8/2019 15:00,CLH9,29689,5271,5284,5261,5272
2/8/2019 16:00,CLH9,5065,5271,5273,5263,5272
2/8/2019 17:00,CLH9,2348,5271,5274,5268,5271
2/10/2019 19:00,CLH9,3245,5266,5278,5248,5249
2/10/2019 20:00,CLH9,5835,5249,5251,5228,5240
2/10/2019 21:00,CLH9,18380,5240,5240,5190,5199
2/10/2019 22:00,CLH9,8370,5199,5219,5193,5215
2/10/2019 23:00,CLH9,3566,5216,5218,5207,5209
2/11/2019 0:00,CLH9,3081,5208,5210,5196,5203
2/11/2019 1:00,CLH9,4392,5204,5209,5197,5201
2/11/2019 2:00,CLH9,8015,5200,5230,5200,5228
2/11/2019 3:00,CLH9,6726,5228,5230,5212,5215
2/11/2019 4:00,CLH9,25961,5216,5238,5182,5232
2/11/2019 5:00,CLH9,17846,5232,5257,5227,5250
2/11/2019 6:00,CLH9,16706,5250,5256,5222,5228
2/11/2019 7:00,CLH9,16670,5229,5243,5211,5227
2/11/2019 8:00,CLH9,15147,5228,5247,5219,5240
2/11/2019 9:00,CLH9,30944,5241,5269,5219,5226
2/11/2019 10:00,CLH9,104076,5226,5240,5126,5146
2/11/2019 11:00,CLH9,66069,5146,5196,5140,5156
2/11/2019 12:00,CLH9,61995,5157,5189,5123,5167
2/11/2019 13:00,CLH9,34277,5166,5220,5163,5204
2/11/2019 14:00,CLH9,26804,5204,5236,5204,5233
2/11/2019 15:00,CLH9,53195,5233,5263,5231,5237
2/11/2019 16:00,CLH9,8237,5237,5241,5224,5238
2/11/2019 17:00,CLH9,3284,5239,5248,5237,5245
2/11/2019 19:00,CLH9,2380,5247,5250,5229,5242
2/11/2019 20:00,CLH9,5850,5241,5264,5238,5253
2/11/2019 21:00,CLH9,7444,5252,5259,5239,5254
2/11/2019 22:00,CLH9,12319,5254,5293,5250,5284
2/11/2019 23:00,CLH9,3736,5285,5285,5276,5277
2/12/2019 0:00,CLH9,2333,5277,5280,5273,5276
2/12/2019 1:00,CLH9,4849,5277,5279,5262,5265
2/12/2019 2:00,CLH9,6477,5265,5268,5253,5259
2/12/2019 3:00,CLH9,8110,5260,5272,5257,5262
2/12/2019 4:00,CLH9,16531,5263,5280,5262,5274
2/12/2019 5:00,CLH9,19824,5275,5304,5274,5278
2/12/2019 6:00,CLH9,21861,5278,5317,5268,5309
2/12/2019 7:00,CLH9,25780,5309,5345,5306,5345
2/12/2019 8:00,CLH9,20454,5344,5350,5333,5343
2/12/2019 9:00,CLH9,49249,5344,5385,5342,5359
2/12/2019 10:00,CLH9,81046,5360,5405,5358,5369
2/12/2019 11:00,CLH9,76676,5369,5385,5317,5339
2/12/2019 12:00,CLH9,71064,5340,5381,5309,5379
2/12/2019 13:00,CLH9,34629,5379,5381,5342,5355
2/12/2019 14:00,CLH9,20345,5355,5373,5346,5347
2/12/2019 15:00,CLH9,45702,5348,5349,5295,5315
2/12/2019 16:00,CLH9,5474,5316,5318,5304,5309
2/12/2019 17:00,CLH9,6045,5309,5340,5301,5334
2/12/2019 19:00,CLH9,2804,5335,5355,5332,5349
2/12/2019 20:00,CLH9,3430,5348,5360,5341,5344
2/12/2019 21:00,CLH9,9635,5345,5375,5344,5368
2/12/2019 22:00,CLH9,4334,5368,5372,5353,5360
2/12/2019 23:00,CLH9,3431,5360,5371,5359,5369
2/13/2019 0:00,CLH9,2548,5369,5371,5360,5364
2/13/2019 1:00,CLH9,5671,5364,5369,5347,5356
2/13/2019 2:00,CLH9,5554,5356,5367,5352,5366
2/13/2019 3:00,CLH9,6515,5366,5366,5348,5350
2/13/2019 4:00,CLH9,16165,5350,5357,5337,5347
2/13/2019 5:00,CLH9,21674,5347,5381,5333,5377
2/13/2019 6:00,CLH9,11884,5378,5380,5351,5368
2/13/2019 7:00,CLH9,14064,5368,5389,5365,5386
2/13/2019 8:00,CLH9,22535,5385,5386,5345,5348
2/13/2019 9:00,CLH9,32563,5349,5370,5327,5369
2/13/2019 10:00,CLH9,70796,5369,5414,5354,5396
2/13/2019 11:00,CLH9,94839,5397,5447,5393,5415
2/13/2019 12:00,CLH9,90997,5416,5460,5392,5435
2/13/2019 13:00,CLH9,27214,5435,5445,5412,5422
2/13/2019 14:00,CLH9,21146,5423,5424,5397,5398
2/13/2019 15:00,CLH9,36448,5398,5410,5379,5393
2/13/2019 16:00,CLH9,7257,5392,5407,5389,5396
2/13/2019 17:00,CLH9,3285,5397,5406,5393,5395
2/13/2019 19:00,CLH9,1892,5396,5401,5390,5399
2/13/2019 20:00,CLH9,2866,5398,5409,5393,5404
2/13/2019 21:00,CLH9,5296,5404,5422,5399,5413
2/13/2019 22:00,CLH9,4334,5413,5419,5396,5400
2/13/2019 23:00,CLH9,4375,5400,5417,5398,5417
2/14/2019 0:00,CLH9,3052,5417,5421,5414,5416
2/14/2019 1:00,CLH9,4112,5417,5430,5416,5429
2/14/2019 2:00,CLH9,8558,5429,5449,5427,5442
2/14/2019 3:00,CLH9,10836,5443,5462,5432,5453
2/14/2019 4:00,CLH9,20202,5454,5466,5439,5452
2/14/2019 5:00,CLH9,18398,5453,5468,5435,5439
2/14/2019 6:00,CLH9,12531,5439,5449,5427,5437
2/14/2019 7:00,CLH9,13769,5437,5455,5435,5442
2/14/2019 8:00,CLH9,17122,5442,5452,5431,5433
2/14/2019 9:00,CLH9,48678,5433,5449,5392,5410
2/14/2019 10:00,CLH9,96148,5409,5409,5319,5363
2/14/2019 11:00,CLH9,71596,5363,5390,5308,5384
2/14/2019 12:00,CLH9,55584,5383,5420,5370,5418
2/14/2019 13:00,CLH9,28951,5419,5445,5415,5442
2/14/2019 14:00,CLH9,20085,5442,5460,5432,5449
2/14/2019 15:00,CLH9,31014,5449,5458,5420,5452
2/14/2019 16:00,CLH9,6219,5452,5459,5447,5454
2/14/2019 17:00,CLH9,3506,5455,5458,5446,5447
2/14/2019 19:00,CLH9,2210,5448,5459,5442,5458
2/14/2019 20:00,CLH9,6325,5458,5501,5457,5474
2/14/2019 21:00,CLH9,5201,5474,5492,5462,5464
2/14/2019 22:00,CLH9,3023,5465,5472,5457,5457
2/14/2019 23:00,CLH9,1961,5456,5466,5453,5464
2/15/2019 0:00,CLH9,1717,5464,5476,5463,5470
2/15/2019 1:00,CLH9,2185,5471,5471,5456,5460
2/15/2019 2:00,CLH9,2514,5460,5463,5449,5459
2/15/2019 3:00,CLH9,3591,5458,5462,5443,5452
2/15/2019 4:00,CLH9,6423,5451,5460,5438,5441
2/15/2019 5:00,CLH9,9722,5441,5459,5424,5459
2/15/2019 6:00,CLH9,7161,5458,5473,5437,5466
2/15/2019 7:00,CLH9,7047,5466,5484,5447,5449
2/15/2019 8:00,CLH9,9810,5449,5500,5448,5495
2/15/2019 9:00,CLH9,14149,5494,5513,5476,5511
2/15/2019 10:00,CLH9,28275,5510,5561,5499,5532
2/15/2019 11:00,CLH9,20548,5532,5547,5514,5530
2/15/2019 12:00,CLH9,17526,5531,5570,5528,5568
2/15/2019 13:00,CLH9,4858,5568,5572,5555,5565
2/15/2019 13:00,CLJ9,10299,5603,5608,5583,5591
2/15/2019 14:00,CLJ9,26202,5591,5592,5544,5573
2/15/2019 15:00,CLJ9,30063,5574,5619,5567,5612
2/15/2019 16:00,CLJ9,6130,5611,5617,5605,5613
2/15/2019 17:00,CLJ9,2952,5612,5626,5611,5620
2/17/2019 19:00,CLJ9,4549,5615,5639,5610,5633
2/17/2019 20:00,CLJ9,2860,5632,5633,5621,5626
2/17/2019 21:00,CLJ9,12882,5626,5652,5620,5632
2/17/2019 22:00,CLJ9,7424,5632,5633,5611,5624
2/17/2019 23:00,CLJ9,3919,5625,5630,5616,5617
2/18/2019 0:00,CLJ9,1994,5616,5625,5615,5624
2/18/2019 1:00,CLJ9,5598,5624,5631,5616,5630
2/18/2019 2:00,CLJ9,7180,5630,5647,5628,5645
2/18/2019 3:00,CLJ9,6536,5645,5651,5640,5644
2/18/2019 4:00,CLJ9,26215,5644,5665,5633,5658
2/18/2019 5:00,CLJ9,20090,5658,5661,5622,5624
2/18/2019 6:00,CLJ9,16664,5624,5641,5615,5637
2/18/2019 7:00,CLJ9,11871,5636,5647,5618,5622
2/18/2019 8:00,CLJ9,13502,5623,5645,5619,5638
2/18/2019 9:00,CLJ9,18563,5637,5661,5637,5655
2/18/2019 10:00,CLJ9,31971,5655,5673,5626,5642
2/18/2019 11:00,CLJ9,15310,5643,5649,5629,5637
2/18/2019 12:00,CLJ9,15489,5636,5641,5622,5629
2/18/2019 13:00,CLJ9,6021,5630,5648,5630,5646
2/18/2019 19:00,CLJ9,2559,5646,5647,5623,5627
2/18/2019 20:00,CLJ9,4825,5627,5635,5617,5625
2/18/2019 21:00,CLJ9,11186,5625,5630,5600,5612
2/18/2019 22:00,CLJ9,4053,5613,5617,5606,5612
2/18/2019 23:00,CLJ9,3529,5612,5620,5612,5613
2/19/2019 0:00,CLJ9,4167,5614,5627,5613,5621
2/19/2019 1:00,CLJ9,4476,5621,5627,5615,5622
2/19/2019 2:00,CLJ9,8863,5622,5640,5620,5635
2/19/2019 3:00,CLJ9,10025,5635,5644,5628,5642
2/19/2019 4:00,CLJ9,18363,5642,5648,5628,5633
2/19/2019 5:00,CLJ9,17315,5634,5647,5620,5643
2/19/2019 6:00,CLJ9,21755,5643,5656,5617,5649
2/19/2019 7:00,CLJ9,16845,5649,5662,5642,5655
2/19/2019 8:00,CLJ9,21113,5654,5655,5633,5649
2/19/2019 9:00,CLJ9,23135,5650,5658,5622,5622
2/19/2019 10:00,CLJ9,94633,5622,5631,5566,5620
2/19/2019 11:00,CLJ9,59707,5621,5642,5584,5591
2/19/2019 12:00,CLJ9,52303,5591,5639,5590,5632
2/19/2019 13:00,CLJ9,24589,5631,5648,5630,5633
2/19/2019 14:00,CLJ9,18855,5634,5643,5619,5628
2/19/2019 15:00,CLJ9,36820,5627,5651,5610,5635
2/19/2019 16:00,CLJ9,6059,5636,5647,5635,5642
2/19/2019 17:00,CLJ9,2780,5643,5645,5637,5643
2/19/2019 19:00,CLJ9,2255,5639,5641,5625,5630
2/19/2019 20:00,CLJ9,4433,5630,5639,5621,5634
2/19/2019 21:00,CLJ9,7868,5633,5638,5615,5631
2/19/2019 22:00,CLJ9,12369,5632,5674,5631,5661
2/19/2019 23:00,CLJ9,10215,5660,5677,5656,5658
2/20/2019 0:00,CLJ9,7196,5657,5661,5638,5644
2/20/2019 1:00,CLJ9,5771,5644,5656,5642,5653
2/20/2019 2:00,CLJ9,3275,5652,5656,5646,5647
2/20/2019 3:00,CLJ9,8145,5647,5662,5647,5656
2/20/2019 4:00,CLJ9,19738,5657,5660,5631,5636
2/20/2019 5:00,CLJ9,20439,5635,5637,5619,5623
2/20/2019 6:00,CLJ9,10035,5623,5635,5622,5629
2/20/2019 7:00,CLJ9,19292,5629,5630,5600,5606
2/20/2019 8:00,CLJ9,20859,5605,5623,5596,5607
2/20/2019 9:00,CLJ9,29826,5607,5617,5590,5591
2/20/2019 10:00,CLJ9,74448,5591,5646,5577,5639
2/20/2019 11:00,CLJ9,66969,5639,5673,5635,5667
2/20/2019 12:00,CLJ9,105690,5667,5760,5667,5752
2/20/2019 13:00,CLJ9,31048,5752,5755,5719,5734
2/20/2019 14:00,CLJ9,23427,5734,5750,5721,5724
2/20/2019 15:00,CLJ9,44476,5724,5732,5705,5727
2/20/2019 16:00,CLJ9,5666,5726,5728,5712,5716
2/20/2019 17:00,CLJ9,6567,5716,5733,5707,5724
2/20/2019 19:00,CLJ9,2292,5724,5730,5711,5721
2/20/2019 20:00,CLJ9,2560,5721,5730,5718,5726
2/20/2019 21:00,CLJ9,10121,5725,5732,5696,5711
2/20/2019 22:00,CLJ9,8245,5712,5738,5706,5734
2/20/2019 23:00,CLJ9,6699,5734,5745,5730,5740
2/21/2019 0:00,CLJ9,3609,5739,5747,5739,5742
2/21/2019 1:00,CLJ9,6904,5742,5749,5733,5733
2/21/2019 2:00,CLJ9,5681,5734,5742,5728,5736
2/21/2019 3:00,CLJ9,7901,5737,5745,5729,5730
2/21/2019 4:00,CLJ9,18199,5731,5735,5713,5727
2/21/2019 5:00,CLJ9,16139,5727,5728,5706,5720
2/21/2019 6:00,CLJ9,12704,5719,5743,5710,5741
2/21/2019 7:00,CLJ9,19871,5741,5761,5726,5739
2/21/2019 8:00,CLJ9,19131,5740,5741,5710,5721
2/21/2019 9:00,CLJ9,31724,5722,5723,5688,5700
2/21/2019 10:00,CLJ9,64316,5701,5718,5684,5703
2/21/2019 11:00,CLJ9,52715,5704,5709,5675,5683
2/21/2019 12:00,CLJ9,94048,5684,5717,5664,5684
2/21/2019 13:00,CLJ9,32844,5684,5696,5667,5684
2/21/2019 14:00,CLJ9,18109,5684,5695,5679,5692
2/21/2019 15:00,CLJ9,29555,5692,5704,5686,5690
2/21/2019 16:00,CLJ9,6893,5689,5690,5678,5690
2/21/2019 17:00,CLJ9,3420,5690,5690,5676,5684
2/21/2019 19:00,CLJ9,2097,5684,5689,5671,5686
2/21/2019 20:00,CLJ9,2615,5687,5695,5681,5694
2/21/2019 21:00,CLJ9,5287,5693,5699,5682,5682
2/21/2019 22:00,CLJ9,2862,5682,5691,5681,5688
2/21/2019 23:00,CLJ9,3170,5688,5689,5682,5685
2/22/2019 0:00,CLJ9,2065,5685,5690,5683,5686
2/22/2019 1:00,CLJ9,3149,5686,5696,5684,5694
2/22/2019 2:00,CLJ9,6587,5693,5713,5691,5712
2/22/2019 3:00,CLJ9,8710,5712,5719,5704,5710
2/22/2019 4:00,CLJ9,16106,5711,5718,5700,5714
2/22/2019 5:00,CLJ9,14076,5714,5720,5709,5711
2/22/2019 6:00,CLJ9,15671,5712,5730,5701,5727
2/22/2019 7:00,CLJ9,23356,5727,5753,5725,5747
2/22/2019 8:00,CLJ9,24180,5747,5775,5736,5775
2/22/2019 9:00,CLJ9,32799,5774,5781,5761,5770
2/22/2019 10:00,CLJ9,64967,5769,5778,5732,5761
2/22/2019 11:00,CLJ9,65394,5762,5774,5722,5747
2/22/2019 12:00,CLJ9,46738,5747,5755,5724,5736
2/22/2019 13:00,CLJ9,21678,5736,5744,5724,5730
2/22/2019 14:00,CLJ9,18031,5729,5744,5722,5728
2/22/2019 15:00,CLJ9,23216,5727,5736,5717,5717
2/22/2019 16:00,CLJ9,5844,5717,5724,5716,5718
2/22/2019 17:00,CLJ9,3658,5718,5720,5700,5707
2/24/2019 19:00,CLJ9,4435,5717,5735,5712,5734
2/24/2019 20:00,CLJ9,4799,5735,5749,5732,5745
2/24/2019 21:00,CLJ9,11793,5746,5753,5715,5721
2/24/2019 22:00,CLJ9,7637,5722,5727,5711,5719
2/24/2019 23:00,CLJ9,5019,5719,5720,5705,5709
2/25/2019 0:00,CLJ9,3479,5709,5713,5703,5713
2/25/2019 1:00,CLJ9,5146,5712,5718,5706,5713
2/25/2019 2:00,CLJ9,6611,5712,5724,5712,5716
2/25/2019 3:00,CLJ9,6009,5716,5723,5710,5718
2/25/2019 4:00,CLJ9,19205,5718,5723,5695,5706
2/25/2019 5:00,CLJ9,21987,5706,5743,5704,5739
2/25/2019 6:00,CLJ9,12808,5739,5745,5730,5739
2/25/2019 7:00,CLJ9,15691,5739,5750,5734,5736
2/25/2019 8:00,CLJ9,79104,5736,5737,5625,5631
2/25/2019 9:00,CLJ9,73748,5631,5631,5570,5590
2/25/2019 10:00,CLJ9,59683,5589,5636,5586,5631
2/25/2019 11:00,CLJ9,81073,5631,5632,5563,5576
2/25/2019 12:00,CLJ9,89824,5576,5582,5508,5511
2/25/2019 13:00,CLJ9,33274,5511,5538,5510,5530
2/25/2019 14:00,CLJ9,28686,5530,5562,5525,5553
2/25/2019 15:00,CLJ9,44532,5552,5567,5534,5535
2/25/2019 16:00,CLJ9,7183,5535,5547,5533,5539
2/25/2019 17:00,CLJ9,4198,5539,5544,5531,5543
2/25/2019 19:00,CLJ9,1987,5546,5549,5539,5546
2/25/2019 20:00,CLJ9,3406,5545,5555,5539,5542
2/25/2019 21:00,CLJ9,15681,5542,5558,5505,5508
2/25/2019 22:00,CLJ9,10840,5507,5525,5502,5520
2/25/2019 23:00,CLJ9,5066,5520,5527,5515,5515
2/26/2019 0:00,CLJ9,3944,5516,5517,5508,5517
2/26/2019 1:00,CLJ9,5263,5517,5524,5512,5519
2/26/2019 2:00,CLJ9,7508,5519,5530,5518,5527
2/26/2019 3:00,CLJ9,7451,5527,5535,5525,5529
2/26/2019 4:00,CLJ9,19528,5530,5542,5517,5538
2/26/2019 5:00,CLJ9,16489,5538,5558,5531,5553
2/26/2019 6:00,CLJ9,15614,5553,5565,5545,5553
2/26/2019 7:00,CLJ9,20922,5552,5556,5527,5546
2/26/2019 8:00,CLJ9,23014,5546,5576,5541,5571
2/26/2019 9:00,CLJ9,27639,5572,5573,5547,5554
2/26/2019 10:00,CLJ9,81072,5555,5585,5522,5568
2/26/2019 11:00,CLJ9,72216,5569,5585,5534,5559
2/26/2019 12:00,CLJ9,52433,5559,5599,5553,5588
2/26/2019 13:00,CLJ9,25299,5587,5590,5541,5547
2/26/2019 14:00,CLJ9,23281,5547,5553,5527,5540
2/26/2019 15:00,CLJ9,29632,5540,5567,5538,5567
2/26/2019 16:00,CLJ9,5727,5568,5571,5563,5566
2/26/2019 17:00,CLJ9,11034,5567,5608,5553,5599
2/26/2019 19:00,CLJ9,3434,5595,5605,5591,5603
2/26/2019 20:00,CLJ9,1956,5602,5607,5594,5602
2/26/2019 23:00,CLJ9,1777,5600,5602,5589,5593
2/27/2019 0:00,CLJ9,2366,5593,5600,5590,5594
2/27/2019 1:00,CLJ9,4423,5594,5609,5593,5599
2/27/2019 2:00,CLJ9,9640,5599,5605,5577,5587
2/27/2019 3:00,CLJ9,7418,5588,5597,5583,5592
2/27/2019 4:00,CLJ9,16420,5592,5597,5572,5577
2/27/2019 5:00,CLJ9,22381,5576,5621,5572,5617
2/27/2019 6:00,CLJ9,17158,5617,5629,5607,5622
2/27/2019 7:00,CLJ9,24993,5623,5659,5622,5656
2/27/2019 8:00,CLJ9,27067,5656,5688,5650,5678
2/27/2019 9:00,CLJ9,30209,5679,5684,5657,5661
2/27/2019 10:00,CLJ9,55586,5662,5680,5641,5655
2/27/2019 11:00,CLJ9,109384,5655,5719,5631,5716
2/27/2019 12:00,CLJ9,70338,5716,5739,5708,5730
2/27/2019 13:00,CLJ9,24703,5730,5736,5718,5724
2/27/2019 14:00,CLJ9,22421,5724,5734,5711,5716
2/27/2019 15:00,CLJ9,40148,5716,5717,5690,5692
2/27/2019 16:00,CLJ9,7985,5692,5708,5691,5698
2/27/2019 17:00,CLJ9,3806,5698,5704,5695,5698
2/27/2019 19:00,CLJ9,1958,5700,5702,5693,5698
2/27/2019 20:00,CLJ9,2132,5698,5704,5693,5696
2/27/2019 21:00,CLJ9,5044,5696,5703,5688,5700
2/27/2019 22:00,CLJ9,3707,5699,5701,5690,5691
2/27/2019 23:00,CLJ9,2512,5691,5696,5688,5692
2/28/2019 0:00,CLJ9,1196,5692,5694,5688,5689
2/28/2019 1:00,CLJ9,3423,5688,5692,5680,5680
2/28/2019 2:00,CLJ9,5724,5680,5687,5673,5678
2/28/2019 3:00,CLJ9,8440,5678,5680,5668,5670
2/28/2019 4:00,CLJ9,18848,5671,5687,5661,5675
2/28/2019 5:00,CLJ9,20384,5676,5678,5649,5655
2/28/2019 6:00,CLJ9,14604,5654,5667,5643,5655
2/28/2019 7:00,CLJ9,16551,5654,5683,5653,5680
2/28/2019 8:00,CLJ9,21499,5681,5697,5668,5692
2/28/2019 9:00,CLJ9,25574,5691,5706,5681,5694
2/28/2019 10:00,CLJ9,68356,5695,5726,5683,5699
2/28/2019 11:00,CLJ9,86682,5699,5743,5672,5710
2/28/2019 12:00,CLJ9,47767,5711,5725,5699,5707
2/28/2019 13:00,CLJ9,21356,5706,5730,5704,5715
2/28/2019 14:00,CLJ9,19679,5715,5726,5689,5691
2/28/2019 15:00,CLJ9,32305,5690,5727,5687,5725
2/28/2019 16:00,CLJ9,4962,5724,5725,5717,5722
2/28/2019 17:00,CLJ9,2674,5722,5729,5720,5725
2/28/2019 19:00,CLJ9,2023,5722,5724,5715,5720
2/28/2019 20:00,CLJ9,4479,5720,5746,5719,5737
2/28/2019 21:00,CLJ9,7573,5738,5759,5736,5738
2/28/2019 22:00,CLJ9,4018,5738,5745,5734,5743
2/28/2019 23:00,CLJ9,4741,5743,5748,5739,5744
3/1/2019 0:00,CLJ9,1413,5744,5745,5738,5739
3/1/2019 1:00,CLJ9,4390,5738,5755,5737,5754
3/1/2019 2:00,CLJ9,13543,5755,5788,5752,5776
3/1/2019 3:00,CLJ9,8385,5776,5779,5762,5767
3/1/2019 4:00,CLJ9,17064,5767,5780,5755,5769
3/1/2019 5:00,CLJ9,17704,5770,5774,5741,5746
3/1/2019 6:00,CLJ9,21056,5746,5748,5720,5737
3/1/2019 7:00,CLJ9,12063,5738,5747,5731,5741
3/1/2019 8:00,CLJ9,12528,5742,5744,5727,5727
3/1/2019 9:00,CLJ9,44266,5728,5758,5698,5702
3/1/2019 10:00,CLJ9,78859,5701,5756,5688,5748
3/1/2019 11:00,CLJ9,120812,5748,5758,5625,5665
3/1/2019 12:00,CLJ9,109430,5666,5667,5557,5575
3/1/2019 13:00,CLJ9,39922,5574,5590,5565,5583
3/1/2019 14:00,CLJ9,31911,5582,5603,5574,5582
3/1/2019 15:00,CLJ9,42292,5582,5600,5566,5571
3/1/2019 16:00,CLJ9,6179,5570,5584,5568,5580
3/1/2019 17:00,CLJ9,4065,5580,5581,5571,5575
3/3/2019 19:00,CLJ9,9071,5583,5630,5583,5601
3/3/2019 20:00,CLJ9,4877,5601,5607,5593,5605
3/3/2019 21:00,CLJ9,6972,5606,5616,5600,5606
3/3/2019 22:00,CLJ9,3712,5607,5614,5604,5605
3/3/2019 23:00,CLJ9,3788,5605,5609,5600,5606
3/4/2019 0:00,CLJ9,1571,5607,5610,5605,5608
3/4/2019 1:00,CLJ9,6598,5608,5613,5587,5599
3/4/2019 2:00,CLJ9,4625,5599,5605,5594,5602
3/4/2019 3:00,CLJ9,7212,5602,5602,5587,5594
3/4/2019 4:00,CLJ9,22268,5594,5621,5581,5616
3/4/2019 5:00,CLJ9,20086,5617,5637,5616,5631
3/4/2019 6:00,CLJ9,13797,5631,5642,5626,5631
3/4/2019 7:00,CLJ9,17855,5630,5632,5604,5609
3/4/2019 8:00,CLJ9,20217,5608,5634,5604,5630
3/4/2019 9:00,CLJ9,30173,5629,5655,5622,5645
3/4/2019 10:00,CLJ9,69325,5645,5700,5642,5686
3/4/2019 11:00,CLJ9,56402,5686,5693,5659,5668
3/4/2019 12:00,CLJ9,69426,5667,5678,5615,5634
3/4/2019 13:00,CLJ9,40257,5633,5638,5596,5615
3/4/2019 14:00,CLJ9,27274,5615,5637,5592,5635
3/4/2019 15:00,CLJ9,32685,5636,5663,5622,5647
3/4/2019 16:00,CLJ9,5972,5647,5655,5643,5651
3/4/2019 17:00,CLJ9,2776,5651,5652,5641,5645
3/4/2019 19:00,CLJ9,2598,5645,5651,5637,5643
3/4/2019 20:00,CLJ9,2112,5643,5644,5635,5638
3/4/2019 21:00,CLJ9,7554,5638,5648,5625,5626
3/4/2019 22:00,CLJ9,5881,5627,5639,5626,5638
3/4/2019 23:00,CLJ9,5142,5638,5641,5627,5631
3/5/2019 0:00,CLJ9,1591,5630,5631,5626,5627
3/5/2019 1:00,CLJ9,3960,5627,5635,5623,5631
3/5/2019 2:00,CLJ9,4137,5631,5639,5630,5636
3/5/2019 3:00,CLJ9,5989,5637,5644,5628,5635
3/5/2019 4:00,CLJ9,24046,5635,5649,5616,5623
3/5/2019 5:00,CLJ9,18816,5622,5626,5609,5625
3/5/2019 6:00,CLJ9,17210,5626,5649,5615,5645
3/5/2019 7:00,CLJ9,33842,5646,5691,5645,5681
3/5/2019 8:00,CLJ9,19462,5681,5686,5666,5683
3/5/2019 9:00,CLJ9,27433,5683,5687,5662,5676
3/5/2019 10:00,CLJ9,81260,5675,5719,5665,5671
3/5/2019 11:00,CLJ9,77446,5671,5693,5630,5648
3/5/2019 12:00,CLJ9,58559,5648,5678,5643,5653
3/5/2019 13:00,CLJ9,24549,5652,5670,5640,5662
3/5/2019 14:00,CLJ9,14448,5663,5666,5647,5657
3/5/2019 15:00,CLJ9,20589,5657,5674,5653,5665
3/5/2019 16:00,CLJ9,4197,5665,5665,5653,5655
3/5/2019 17:00,CLJ9,9055,5655,5656,5617,5628
3/5/2019 19:00,CLJ9,2630,5628,5632,5615,5616
3/5/2019 20:00,CLJ9,4991,5616,5622,5606,5617
3/5/2019 21:00,CLJ9,9459,5618,5618,5596,5605
3/5/2019 22:00,CLJ9,5235,5605,5613,5600,5603
3/5/2019 23:00,CLJ9,3975,5603,5614,5601,5608
3/6/2019 0:00,CLJ9,1659,5609,5615,5607,5610
3/6/2019 1:00,CLJ9,4897,5610,5616,5603,5608
3/6/2019 2:00,CLJ9,7838,5608,5620,5600,5616
3/6/2019 3:00,CLJ9,5949,5616,5621,5611,5615
3/6/2019 4:00,CLJ9,23030,5615,5622,5592,5603
3/6/2019 5:00,CLJ9,25483,5602,5616,5580,5590
3/6/2019 6:00,CLJ9,15889,5590,5607,5581,5599
3/6/2019 7:00,CLJ9,18978,5600,5625,5596,5619
3/6/2019 8:00,CLJ9,21264,5618,5622,5590,5596
3/6/2019 9:00,CLJ9,27427,5597,5608,5581,5598
3/6/2019 10:00,CLJ9,40539,5598,5619,5582,5594
3/6/2019 11:00,CLJ9,117312,5594,5600,5542,5598
3/6/2019 12:00,CLJ9,104362,5598,5640,5579,5593
3/6/2019 13:00,CLJ9,26893,5592,5606,5588,5597
3/6/2019 14:00,CLJ9,21804,5597,5622,5595,5619
3/6/2019 15:00,CLJ9,29840,5619,5631,5610,5613
3/6/2019 16:00,CLJ9,6678,5614,5627,5610,5622
3/6/2019 17:00,CLJ9,2826,5622,5625,5614,5619
3/6/2019 19:00,CLJ9,2134,5620,5622,5611,5613
3/6/2019 20:00,CLJ9,1766,5614,5615,5610,5611
3/6/2019 21:00,CLJ9,7975,5611,5636,5608,5629
3/6/2019 22:00,CLJ9,10184,5629,5647,5628,5640
3/6/2019 23:00,CLJ9,3486,5640,5644,5635,5638
3/7/2019 0:00,CLJ9,1820,5637,5642,5636,5639
3/7/2019 1:00,CLJ9,7128,5638,5639,5623,5628
3/7/2019 2:00,CLJ9,7360,5629,5634,5621,5624
3/7/2019 3:00,CLJ9,6611,5625,5627,5619,5627
3/7/2019 4:00,CLJ9,25459,5626,5646,5616,5640
3/7/2019 5:00,CLJ9,23327,5640,5667,5636,5663
3/7/2019 6:00,CLJ9,16770,5663,5673,5658,5665
3/7/2019 7:00,CLJ9,25650,5665,5688,5654,5682
3/7/2019 8:00,CLJ9,20658,5683,5695,5679,5692
3/7/2019 9:00,CLJ9,34615,5692,5699,5668,5674
3/7/2019 10:00,CLJ9,81357,5674,5680,5629,5637
3/7/2019 11:00,CLJ9,71261,5637,5671,5627,5661
3/7/2019 12:00,CLJ9,62330,5662,5676,5634,5669
3/7/2019 13:00,CLJ9,28583,5668,5676,5650,5668
3/7/2019 14:00,CLJ9,19737,5668,5672,5658,5666
3/7/2019 15:00,CLJ9,29591,5665,5672,5652,5657
3/7/2019 16:00,CLJ9,8404,5656,5662,5652,5656
3/7/2019 17:00,CLJ9,4548,5655,5658,5637,5640
3/7/2019 19:00,CLJ9,2494,5643,5651,5637,5646
3/7/2019 20:00,CLJ9,2856,5646,5646,5634,5642
3/7/2019 21:00,CLJ9,6047,5642,5648,5632,5635
3/7/2019 22:00,CLJ9,3900,5635,5642,5630,5635
3/7/2019 23:00,CLJ9,3178,5635,5637,5630,5632
3/8/2019 0:00,CLJ9,2877,5632,5632,5624,5626
3/8/2019 1:00,CLJ9,3590,5626,5633,5624,5632
3/8/2019 2:00,CLJ9,7842,5632,5640,5622,5622
3/8/2019 3:00,CLJ9,14415,5623,5626,5606,5607
3/8/2019 4:00,CLJ9,18250,5608,5618,5600,5605
3/8/2019 5:00,CLJ9,35406,5605,5623,5578,5591
3/8/2019 6:00,CLJ9,24082,5591,5592,5561,5572
3/8/2019 7:00,CLJ9,16148,5572,5582,5564,5570
3/8/2019 8:00,CLJ9,33123,5570,5575,5535,5538
3/8/2019 9:00,CLJ9,55012,5539,5549,5510,5510
3/8/2019 10:00,CLJ9,95414,5510,5522,5466,5486
3/8/2019 11:00,CLJ9,88544,5486,5527,5452,5507
3/8/2019 12:00,CLJ9,71597,5507,5541,5488,5497
3/8/2019 13:00,CLJ9,32148,5496,5536,5496,5529
3/8/2019 14:00,CLJ9,45943,5529,5582,5526,5576
3/8/2019 15:00,CLJ9,52441,5577,5615,5571,5604
3/8/2019 16:00,CLJ9,11856,5604,5620,5603,5613
3/8/2019 17:00,CLJ9,4702,5613,5613,5595,5604
3/10/2019 19:00,CLJ9,3230,5607,5618,5596,5618
3/10/2019 20:00,CLJ9,3485,5617,5630,5614,5615
3/10/2019 21:00,CLJ9,3881,5616,5628,5613,5615
3/10/2019 22:00,CLJ9,9136,5615,5634,5605,5629
3/10/2019 23:00,CLJ9,6299,5628,5642,5625,5641
3/11/2019 0:00,CLJ9,5568,5642,5648,5635,5636
3/11/2019 1:00,CLJ9,2307,5636,5641,5632,5632
3/11/2019 2:00,CLJ9,3131,5632,5638,5629,5633
3/11/2019 3:00,CLJ9,4375,5633,5643,5629,5640
3/11/2019 4:00,CLJ9,9568,5639,5650,5635,5646
3/11/2019 5:00,CLJ9,31201,5647,5679,5646,5665
3/11/2019 6:00,CLJ9,24194,5664,5679,5646,5662
3/11/2019 7:00,CLJ9,15313,5662,5668,5644,5652
3/11/2019 8:00,CLJ9,17007,5652,5657,5637,5641
3/11/2019 9:00,CLJ9,26095,5641,5656,5629,5646
3/11/2019 10:00,CLJ9,75578,5645,5695,5643,5679
3/11/2019 11:00,CLJ9,70426,5679,5697,5645,5662
3/11/2019 12:00,CLJ9,52980,5662,5701,5648,5687
3/11/2019 13:00,CLJ9,63566,5687,5699,5635,5665
3/11/2019 14:00,CLJ9,24398,5665,5683,5658,5681
3/11/2019 15:00,CLJ9,28116,5682,5684,5666,5678
3/11/2019 16:00,CLJ9,4994,5678,5684,5676,5682
3/11/2019 17:00,CLJ9,3694,5682,5689,5675,5677
3/11/2019 19:00,CLJ9,1986,5676,5692,5674,5688
3/11/2019 20:00,CLJ9,3128,5689,5709,5687,5698
3/11/2019 21:00,CLJ9,4133,5698,5704,5688,5700
3/11/2019 22:00,CLJ9,6275,5699,5708,5693,5706
3/11/2019 23:00,CLJ9,7476,5707,5715,5703,5706
3/12/2019 0:00,CLJ9,2681,5705,5712,5703,5706
3/12/2019 1:00,CLJ9,1844,5706,5709,5702,5703
3/12/2019 2:00,CLJ9,6323,5703,5705,5689,5690
3/12/2019 3:00,CLJ9,4558,5690,5698,5687,5695
3/12/2019 4:00,CLJ9,7105,5696,5709,5692,5706
3/12/2019 5:00,CLJ9,20170,5706,5719,5697,5706
3/12/2019 6:00,CLJ9,28662,5706,5746,5703,5735
3/12/2019 7:00,CLJ9,12492,5735,5742,5728,5733
3/12/2019 8:00,CLJ9,30792,5732,5743,5695,5704
3/12/2019 9:00,CLJ9,36872,5703,5741,5695,5739
3/12/2019 10:00,CLJ9,71383,5738,5739,5706,5715
3/12/2019 11:00,CLJ9,84315,5716,5755,5712,5736
3/12/2019 12:00,CLJ9,67724,5737,5742,5708,5726
3/12/2019 13:00,CLJ9,70030,5726,5728,5675,5692
3/12/2019 14:00,CLJ9,31753,5691,5702,5680,5684
3/12/2019 15:00,CLJ9,33555,5683,5698,5677,5694
3/12/2019 16:00,CLJ9,6498,5694,5697,5689,5691
3/12/2019 17:00,CLJ9,8500,5691,5728,5685,5709
3/12/2019 19:00,CLJ9,2090,5709,5721,5707,5715
3/12/2019 20:00,CLJ9,1416,5715,5722,5712,5717
3/12/2019 21:00,CLJ9,2376,5718,5723,5716,5716
3/12/2019 22:00,CLJ9,6418,5716,5722,5702,5705
3/12/2019 23:00,CLJ9,4144,5705,5712,5701,5707
3/13/2019 0:00,CLJ9,2737,5707,5716,5707,5711
3/13/2019 1:00,CLJ9,1876,5712,5719,5709,5717
3/13/2019 2:00,CLJ9,4857,5717,5725,5714,5718
3/13/2019 3:00,CLJ9,3993,5718,5727,5714,5726
3/13/2019 4:00,CLJ9,5901,5726,5728,5721,5723
3/13/2019 5:00,CLJ9,16358,5723,5728,5710,5726
3/13/2019 6:00,CLJ9,19258,5727,5743,5726,5735
3/13/2019 7:00,CLJ9,13130,5735,5750,5735,5747
3/13/2019 8:00,CLJ9,12991,5747,5747,5735,5741
3/13/2019 9:00,CLJ9,22943,5742,5760,5741,5756
3/13/2019 10:00,CLJ9,66856,5755,5781,5749,5778
3/13/2019 11:00,CLJ9,86915,5779,5808,5771,5799
3/13/2019 12:00,CLJ9,53193,5800,5803,5776,5797
3/13/2019 13:00,CLJ9,26870,5796,5800,5770,5780
3/13/2019 13:00,CLK9,4356,5811,5829,5810,5829
3/13/2019 14:00,CLK9,11952,5829,5850,5821,5846
3/13/2019 15:00,CLK9,18330,5846,5879,5842,5869
3/13/2019 16:00,CLK9,2389,5869,5880,5868,5871
3/13/2019 17:00,CLK9,1264,5871,5871,5862,5865
3/13/2019 19:00,CLK9,570,5865,5871,5859,5869
3/13/2019 20:00,CLK9,196,5870,5870,5862,5865
3/13/2019 21:00,CLK9,659,5864,5868,5857,5859
3/13/2019 22:00,CLK9,1153,5859,5867,5857,5865
3/13/2019 23:00,CLK9,1219,5865,5875,5864,5870
3/14/2019 0:00,CLK9,982,5870,5877,5864,5873
3/14/2019 1:00,CLK9,423,5874,5875,5870,5873
3/14/2019 2:00,CLK9,498,5872,5875,5869,5873
3/14/2019 3:00,CLK9,1020,5872,5876,5865,5873
3/14/2019 4:00,CLK9,1742,5874,5886,5869,5885
3/14/2019 5:00,CLK9,4154,5886,5898,5882,5889
3/14/2019 6:00,CLK9,2538,5888,5893,5877,5881
3/14/2019 7:00,CLK9,5534,5882,5884,5839,5841
3/14/2019 8:00,CLK9,3327,5841,5850,5832,5850
3/14/2019 9:00,CLK9,7442,5849,5897,5847,5883
3/14/2019 10:00,CLK9,12119,5882,5896,5871,5893
3/14/2019 11:00,CLK9,17332,5894,5906,5875,5884
3/14/2019 12:00,CLK9,16719,5884,5898,5844,5897
3/14/2019 13:00,CLK9,11737,5897,5903,5871,5890
3/14/2019 14:00,CLK9,5545,5889,5891,5878,5879
3/14/2019 15:00,CLK9,7428,5878,5895,5874,5886
3/14/2019 16:00,CLK9,2392,5886,5888,5876,5880
3/14/2019 17:00,CLK9,1000,5880,5886,5876,5884
3/14/2019 19:00,CLK9,488,5882,5892,5880,5885
3/14/2019 20:00,CLK9,310,5884,5889,5882,5884
3/14/2019 21:00,CLK9,670,5884,5888,5880,5885
3/14/2019 22:00,CLK9,1804,5885,5891,5878,5885
3/14/2019 23:00,CLK9,1169,5886,5896,5885,5896
3/15/2019 0:00,CLK9,1340,5896,5897,5885,5889
3/15/2019 1:00,CLK9,519,5889,5895,5888,5891
3/15/2019 2:00,CLK9,700,5891,5894,5885,5887
3/15/2019 3:00,CLK9,2681,5886,5908,5886,5904
3/15/2019 4:00,CLK9,2301,5904,5913,5899,5908
3/15/2019 5:00,CLK9,5604,5908,5925,5901,5908
3/15/2019 6:00,CLK9,3287,5907,5917,5894,5909
3/15/2019 7:00,CLK9,6886,5909,5910,5874,5888
3/15/2019 8:00,CLK9,4239,5887,5896,5871,5872
3/15/2019 9:00,CLK9,12824,5872,5875,5835,5842
3/15/2019 10:00,CLK9,29254,5841,5858,5803,5844
3/15/2019 11:00,CLK9,23166,5845,5867,5808,5862
3/15/2019 12:00,CLK9,15631,5862,5875,5848,5873
3/15/2019 13:00,CLK9,14083,5873,5893,5863,5882
3/15/2019 14:00,CLK9,10160,5883,5888,5870,5887
3/15/2019 15:00,CLK9,11211,5888,5890,5866,5872
3/15/2019 16:00,CLK9,2658,5871,5876,5870,5874
3/15/2019 17:00,CLK9,1458,5874,5875,5867,5874
3/17/2019 19:00,CLK9,2396,5875,5888,5871,5881
3/17/2019 20:00,CLK9,1133,5882,5882,5874,5876
3/17/2019 21:00,CLK9,2826,5875,5876,5863,5864
3/17/2019 22:00,CLK9,6156,5865,5865,5848,5862
3/17/2019 23:00,CLK9,3771,5861,5873,5859,5872
3/18/2019 0:00,CLK9,2464,5872,5873,5860,5862
3/18/2019 1:00,CLK9,1143,5862,5863,5857,5861
3/18/2019 2:00,CLK9,2800,5862,5866,5854,5866
3/18/2019 3:00,CLK9,6280,5865,5881,5865,5873
3/18/2019 4:00,CLK9,7505,5873,5879,5865,5873
3/18/2019 5:00,CLK9,16070,5873,5886,5860,5862
3/18/2019 6:00,CLK9,25289,5862,5862,5837,5858
3/18/2019 7:00,CLK9,17516,5857,5876,5844,5860
3/18/2019 8:00,CLK9,19633,5861,5896,5858,5890
3/18/2019 9:00,CLK9,20350,5891,5905,5885,5899
3/18/2019 10:00,CLK9,51973,5900,5905,5876,5900
3/18/2019 11:00,CLK9,78063,5900,5950,5900,5948
3/18/2019 12:00,CLK9,48466,5948,5954,5919,5927
3/18/2019 13:00,CLK9,28467,5926,5938,5922,5937
3/18/2019 14:00,CLK9,23755,5937,5944,5931,5940
3/18/2019 15:00,CLK9,26259,5941,5946,5926,5931
3/18/2019 16:00,CLK9,7546,5931,5936,5922,5929
3/18/2019 17:00,CLK9,4654,5928,5932,5923,5928
3/18/2019 19:00,CLK9,1136,5931,5932,5925,5928
3/18/2019 20:00,CLK9,1303,5928,5937,5927,5937
3/18/2019 21:00,CLK9,2356,5936,5938,5926,5935
3/18/2019 22:00,CLK9,5957,5935,5945,5932,5934
3/18/2019 23:00,CLK9,2806,5935,5939,5933,5938
3/19/2019 0:00,CLK9,1795,5939,5940,5935,5936
3/19/2019 1:00,CLK9,1173,5937,5939,5935,5937
3/19/2019 2:00,CLK9,3156,5936,5936,5928,5929
3/19/2019 3:00,CLK9,5205,5929,5938,5923,5936
3/19/2019 4:00,CLK9,6980,5935,5947,5934,5939
3/19/2019 5:00,CLK9,19998,5939,5961,5936,5961
3/19/2019 6:00,CLK9,15617,5961,5968,5948,5967
3/19/2019 7:00,CLK9,19017,5967,5984,5961,5980
3/19/2019 8:00,CLK9,13954,5981,5986,5966,5972
3/19/2019 9:00,CLK9,29124,5972,5983,5962,5973
3/19/2019 10:00,CLK9,65972,5973,5975,5946,5951
3/19/2019 11:00,CLK9,75054,5951,5958,5910,5911
3/19/2019 12:00,CLK9,50684,5911,5943,5908,5936
3/19/2019 13:00,CLK9,70149,5936,5940,5889,5912
3/19/2019 14:00,CLK9,33067,5912,5926,5910,5920
3/19/2019 15:00,CLK9,39725,5919,5938,5909,5932
3/19/2019 16:00,CLK9,12560,5932,5934,5908,5909
3/19/2019 17:00,CLK9,6996,5909,5932,5900,5929
3/19/2019 19:00,CLK9,1646,5929,5932,5914,5921
3/19/2019 20:00,CLK9,1053,5921,5924,5915,5923
3/19/2019 21:00,CLK9,3155,5923,5929,5912,5913
3/19/2019 22:00,CLK9,7644,5913,5918,5906,5909
3/19/2019 23:00,CLK9,3513,5909,5917,5908,5916
3/20/2019 0:00,CLK9,2983,5916,5920,5912,5913
3/20/2019 1:00,CLK9,1455,5913,5916,5910,5911
3/20/2019 2:00,CLK9,3006,5911,5923,5909,5923
3/20/2019 3:00,CLK9,6106,5922,5934,5921,5931
3/20/2019 4:00,CLK9,10582,5931,5939,5925,5932
3/20/2019 5:00,CLK9,21751,5933,5939,5917,5928
3/20/2019 6:00,CLK9,22193,5929,5929,5898,5913
3/20/2019 7:00,CLK9,37357,5913,5913,5856,5866
3/20/2019 8:00,CLK9,19737,5865,5886,5864,5874
3/20/2019 9:00,CLK9,23708,5875,5881,5865,5868
3/20/2019 10:00,CLK9,64211,5868,5919,5868,5914
3/20/2019 11:00,CLK9,128171,5914,5980,5906,5964
3/20/2019 12:00,CLK9,115303,5963,6020,5956,6015
3/20/2019 13:00,CLK9,52512,6015,6020,5987,5995
3/20/2019 14:00,CLK9,43088,5995,5995,5954,5965
3/20/2019 15:00,CLK9,62251,5965,6028,5964,6015
3/20/2019 16:00,CLK9,12530,6015,6020,6008,6012
3/20/2019 17:00,CLK9,5528,6012,6014,5995,5999
3/20/2019 19:00,CLK9,1824,5999,6006,5995,5999
3/20/2019 20:00,CLK9,1356,5998,6011,5998,6010
3/20/2019 21:00,CLK9,3431,6010,6019,6006,6016
3/20/2019 22:00,CLK9,5180,6016,6019,6010,6013
3/20/2019 23:00,CLK9,2815,6013,6018,6012,6015
3/21/2019 0:00,CLK9,3577,6015,6020,6013,6018
3/21/2019 1:00,CLK9,3440,6019,6027,6016,6026
3/21/2019 2:00,CLK9,6768,6026,6033,6014,6016
3/21/2019 3:00,CLK9,5461,6015,6025,6012,6016
3/21/2019 4:00,CLK9,9661,6015,6017,6003,6010
3/21/2019 5:00,CLK9,30490,6011,6021,5988,5998
3/21/2019 6:00,CLK9,32261,5998,6027,5985,5996
3/21/2019 7:00,CLK9,22862,5995,6005,5981,5988
3/21/2019 8:00,CLK9,25760,5988,5991,5968,5973
3/21/2019 9:00,CLK9,22883,5973,6000,5973,5994
3/21/2019 10:00,CLK9,74515,5994,6023,5994,6006
3/21/2019 11:00,CLK9,94113,6006,6039,5979,6015
3/21/2019 12:00,CLK9,64674,6014,6039,6003,6019
3/21/2019 13:00,CLK9,63811,6018,6020,5966,5983
3/21/2019 14:00,CLK9,36989,5982,6023,5981,6022
3/21/2019 15:00,CLK9,40811,6023,6025,5988,5988
3/21/2019 16:00,CLK9,10083,5988,5993,5980,5984
3/21/2019 17:00,CLK9,3701,5984,5990,5980,5987
3/21/2019 19:00,CLK9,1246,5987,5993,5984,5991
3/21/2019 20:00,CLK9,895,5991,5995,5988,5993
3/21/2019 21:00,CLK9,3324,5993,6000,5986,5996
3/21/2019 22:00,CLK9,7215,5997,6006,5985,5988
3/21/2019 23:00,CLK9,5786,5988,5990,5976,5978
3/22/2019 0:00,CLK9,3388,5977,5989,5976,5986
3/22/2019 1:00,CLK9,2024,5987,5989,5983,5986
3/22/2019 2:00,CLK9,3637,5986,5994,5984,5991
3/22/2019 3:00,CLK9,6455,5991,6000,5990,5998
3/22/2019 4:00,CLK9,7885,5999,6007,5994,5999
3/22/2019 5:00,CLK9,36427,5999,6001,5951,5958
3/22/2019 6:00,CLK9,26261,5959,5967,5941,5951
3/22/2019 7:00,CLK9,26980,5951,5955,5929,5930
3/22/2019 8:00,CLK9,23512,5929,5962,5928,5948
3/22/2019 9:00,CLK9,46627,5947,5948,5904,5923
3/22/2019 10:00,CLK9,85052,5923,5932,5877,5880
3/22/2019 11:00,CLK9,97055,5880,5911,5864,5878
3/22/2019 12:00,CLK9,96166,5879,5881,5828,5830
3/22/2019 13:00,CLK9,57605,5831,5859,5828,5842
3/22/2019 14:00,CLK9,39585,5842,5872,5840,5872
3/22/2019 15:00,CLK9,60174,5872,5909,5867,5895
3/22/2019 16:00,CLK9,11247,5895,5900,5887,5890
3/22/2019 17:00,CLK9,4422,5890,5898,5882,5897
3/24/2019 19:00,CLK9,3767,5898,5917,5876,5887
3/24/2019 20:00,CLK9,1801,5886,5888,5875,5881
3/24/2019 21:00,CLK9,9082,5882,5883,5844,5845
3/24/2019 22:00,CLK9,11987,5846,5852,5833,5846
3/24/2019 23:00,CLK9,7416,5846,5849,5835,5844
3/25/2019 0:00,CLK9,4609,5844,5855,5841,5852
3/25/2019 1:00,CLK9,4115,5852,5862,5852,5858
3/25/2019 2:00,CLK9,6333,5858,5865,5853,5861
3/25/2019 3:00,CLK9,7587,5861,5864,5844,5846
3/25/2019 4:00,CLK9,12830,5846,5874,5845,5871
3/25/2019 5:00,CLK9,23599,5871,5891,5861,5869
3/25/2019 6:00,CLK9,31284,5870,5910,5869,5902
3/25/2019 7:00,CLK9,17342,5902,5910,5893,5900
3/25/2019 8:00,CLK9,21564,5899,5902,5874,5875
3/25/2019 9:00,CLK9,23830,5875,5893,5869,5877
3/25/2019 10:00,CLK9,81503,5878,5901,5856,5866
3/25/2019 11:00,CLK9,98370,5866,5869,5817,5850
3/25/2019 12:00,CLK9,85365,5850,5919,5848,5905
3/25/2019 13:00,CLK9,47460,5906,5915,5890,5911
3/25/2019 14:00,CLK9,45326,5911,5935,5896,5905
3/25/2019 15:00,CLK9,48899,5905,5908,5877,5893
3/25/2019 16:00,CLK9,9027,5892,5899,5890,5895
3/25/2019 17:00,CLK9,4473,5895,5913,5894,5908
3/25/2019 19:00,CLK9,1947,5912,5914,5904,5911
3/25/2019 20:00,CLK9,2342,5911,5923,5906,5917
3/25/2019 21:00,CLK9,5983,5917,5937,5914,5933
3/25/2019 22:00,CLK9,5366,5933,5934,5921,5924
3/25/2019 23:00,CLK9,5013,5923,5926,5916,5918
3/26/2019 0:00,CLK9,3772,5919,5928,5913,5926
3/26/2019 1:00,CLK9,2095,5926,5930,5923,5924
3/26/2019 2:00,CLK9,4618,5924,5930,5921,5924
3/26/2019 3:00,CLK9,4998,5924,5925,5916,5924
3/26/2019 4:00,CLK9,12757,5923,5942,5918,5940
3/26/2019 5:00,CLK9,21496,5940,5951,5935,5938
3/26/2019 6:00,CLK9,22800,5938,5956,5930,5952
3/26/2019 7:00,CLK9,18594,5952,5965,5948,5954
3/26/2019 8:00,CLK9,22844,5954,5977,5953,5975
3/26/2019 9:00,CLK9,33239,5974,5991,5973,5985
3/26/2019 10:00,CLK9,94366,5985,6033,5977,6032
3/26/2019 11:00,CLK9,82246,6033,6038,5987,6014
3/26/2019 12:00,CLK9,75190,6014,6020,5979,6007
3/26/2019 13:00,CLK9,53491,6007,6009,5970,5993
3/26/2019 14:00,CLK9,28366,5992,5996,5976,5980
3/26/2019 15:00,CLK9,41997,5980,5997,5968,5993
3/26/2019 16:00,CLK9,10109,5994,6008,5992,6005
3/26/2019 17:00,CLK9,6759,6004,6011,5984,6004
3/26/2019 19:00,CLK9,2120,6003,6003,5987,5987
3/26/2019 20:00,CLK9,2159,5987,5989,5980,5986
3/26/2019 21:00,CLK9,3849,5986,5992,5980,5989
3/26/2019 22:00,CLK9,7901,5990,6005,5980,6002
3/26/2019 23:00,CLK9,4798,6003,6007,5997,6001
3/27/2019 0:00,CLK9,2246,6001,6006,5998,5999
3/27/2019 1:00,CLK9,2339,6000,6007,5998,6001
3/27/2019 2:00,CLK9,3501,6001,6006,5996,6003
3/27/2019 3:00,CLK9,5059,6003,6005,5994,5994
3/27/2019 4:00,CLK9,8273,5994,5995,5986,5991
3/27/2019 5:00,CLK9,22141,5991,5992,5972,5974
3/27/2019 6:00,CLK9,26085,5975,5989,5956,5963
3/27/2019 7:00,CLK9,28194,5963,5964,5942,5948
3/27/2019 8:00,CLK9,22633,5948,5976,5945,5972
3/27/2019 9:00,CLK9,34432,5972,5994,5959,5994
3/27/2019 10:00,CLK9,75073,5993,6022,5986,6003
3/27/2019 11:00,CLK9,106829,6002,6006,5957,5986
3/27/2019 12:00,CLK9,126815,5986,5990,5881,5911
3/27/2019 13:00,CLK9,72485,5912,5957,5906,5934
3/27/2019 14:00,CLK9,38729,5934,5947,5923,5946
3/27/2019 15:00,CLK9,39183,5947,5948,5928,5938
3/27/2019 16:00,CLK9,8640,5937,5944,5934,5938
3/27/2019 17:00,CLK9,2696,5938,5942,5935,5940
3/27/2019 19:00,CLK9,1558,5940,5943,5926,5931
3/27/2019 20:00,CLK9,1663,5930,5937,5926,5935
3/27/2019 21:00,CLK9,5201,5935,5936,5916,5921
3/27/2019 22:00,CLK9,7690,5920,5927,5907,5912
3/27/2019 23:00,CLK9,6498,5911,5923,5909,5922
3/28/2019 0:00,CLK9,3613,5922,5926,5918,5925
3/28/2019 1:00,CLK9,2328,5925,5926,5916,5918
3/28/2019 2:00,CLK9,4448,5917,5921,5910,5912
3/28/2019 3:00,CLK9,5703,5912,5923,5906,5910
3/28/2019 4:00,CLK9,10135,5911,5920,5904,5906
3/28/2019 5:00,CLK9,24630,5906,5909,5887,5897
3/28/2019 6:00,CLK9,27611,5897,5934,5891,5931
3/28/2019 7:00,CLK9,23311,5932,5932,5896,5903
3/28/2019 8:00,CLK9,53667,5902,5911,5841,5861
3/28/2019 9:00,CLK9,65091,5862,5877,5820,5853
3/28/2019 10:00,CLK9,104325,5853,5901,5826,5888
3/28/2019 11:00,CLK9,71254,5886,5923,5876,5895
3/28/2019 12:00,CLK9,74750,5895,5913,5871,5900
3/28/2019 13:00,CLK9,62700,5899,5909,5875,5898
3/28/2019 14:00,CLK9,42066,5899,5934,5896,5928
3/28/2019 15:00,CLK9,34293,5928,5938,5918,5928
3/28/2019 16:00,CLK9,7646,5928,5943,5928,5940
3/28/2019 17:00,CLK9,5826,5939,5956,5937,5951
3/28/2019 19:00,CLK9,2736,5953,5960,5941,5949
3/28/2019 20:00,CLK9,2419,5948,5959,5942,5952
3/28/2019 21:00,CLK9,3807,5951,5960,5951,5954
3/28/2019 22:00,CLK9,6759,5955,5958,5945,5951
3/28/2019 23:00,CLK9,6289,5952,5966,5950,5966
3/29/2019 0:00,CLK9,4502,5965,5971,5960,5961
3/29/2019 1:00,CLK9,1954,5961,5964,5958,5960
3/29/2019 2:00,CLK9,3205,5961,5969,5959,5968
3/29/2019 3:00,CLK9,9024,5969,5971,5942,5952
3/29/2019 4:00,CLK9,11079,5952,5962,5944,5955
3/29/2019 5:00,CLK9,29521,5955,5981,5955,5977
3/29/2019 6:00,CLK9,18706,5977,5986,5968,5975
3/29/2019 7:00,CLK9,29477,5975,6009,5972,6002
3/29/2019 8:00,CLK9,22194,6002,6019,6002,6018
3/29/2019 9:00,CLK9,53670,6018,6059,6018,6057
3/29/2019 10:00,CLK9,92376,6057,6073,6008,6019
3/29/2019 11:00,CLK9,101701,6018,6031,5975,5988
3/29/2019 12:00,CLK9,56656,5988,6021,5986,6012
3/29/2019 13:00,CLK9,61074,6011,6019,5988,6010
3/29/2019 14:00,CLK9,29320,6011,6018,6003,6014
3/29/2019 15:00,CLK9,53061,6014,6033,6006,6028
3/29/2019 16:00,CLK9,8787,6027,6028,6014,6015
3/29/2019 17:00,CLK9,4453,6015,6022,6009,6018
3/31/2019 19:00,CLK9,3785,6024,6044,6013,6037
3/31/2019 20:00,CLK9,2257,6037,6041,6031,6036
3/31/2019 21:00,CLK9,4167,6036,6048,6035,6044
3/31/2019 22:00,CLK9,6282,6044,6052,6039,6045
3/31/2019 23:00,CLK9,3637,6046,6052,6043,6048
4/1/2019 0:00,CLK9,2551,6049,6052,6046,6051
4/1/2019 1:00,CLK9,2121,6051,6054,6048,6053
4/1/2019 2:00,CLK9,4597,6053,6065,6052,6063
4/1/2019 3:00,CLK9,7792,6062,6063,6048,6049
4/1/2019 4:00,CLK9,24813,6050,6074,6046,6072
4/1/2019 5:00,CLK9,25914,6071,6087,6067,6070
4/1/2019 6:00,CLK9,15789,6070,6079,6059,6068
4/1/2019 7:00,CLK9,20350,6068,6075,6051,6071
4/1/2019 8:00,CLK9,23704,6071,6090,6071,6084
4/1/2019 9:00,CLK9,27118,6084,6092,6074,6079
4/1/2019 10:00,CLK9,73422,6079,6088,6051,6078
4/1/2019 11:00,CLK9,89651,6078,6115,6078,6103
4/1/2019 12:00,CLK9,74480,6104,6125,6095,6122
4/1/2019 13:00,CLK9,38272,6121,6139,6105,6135
4/1/2019 14:00,CLK9,59154,6135,6172,6135,6160
4/1/2019 15:00,CLK9,45408,6161,6164,6149,6156
4/1/2019 16:00,CLK9,8556,6156,6168,6154,6165
4/1/2019 17:00,CLK9,6585,6165,6180,6162,6177
